sample,position,conductance
25,0,0.0
25,1,0.0
25,10,0.0
25,11,0.0
25,12,0.15171630697800728
25,13,0.14644190623429343
25,14,0.1374731473210362
25,15,0.1911467906317319
25,16,0.15662903877765796
25,17,0.15184172625821743
25,18,0.13035034635018095
25,19,0.0
25,2,0.0
25,20,0.0
25,21,0.08242608705584258
25,22,0.20904330287223993
25,23,0.30983717768606633
25,24,0.5099007798641054
25,25,0.11967117097556959
25,26,0.2229826283790627
25,27,0.4462032217274959
25,28,0.1859647859737919
25,29,0.13636211778550644
25,3,0.0
25,30,0.16246184467533617
25,31,0.0
25,32,0.028161828001957323
25,33,0.018636250566358977
25,34,0.03393376134632876
25,35,0.022370835589059244
25,36,0.0
25,37,0.5761405071715497
25,38,0.06677462215222332
25,39,0.15066532732365212
25,4,0.0
25,40,0.19212237866168086
25,41,0.3119434455445895
25,42,0.0
25,43,0.03904638682864966
25,44,0.03159721531033136
25,45,0.0953685555294654
25,46,0.06590381122211034
25,47,0.10369109179461279
25,48,0.4184138683396206
25,49,0.13657775747321776
25,5,0.13398497243689853
25,50,0.07845921787928656
25,51,0.5143686305089521
25,52,0.0017312490578604448
25,53,0.03400718737046903
25,54,0.013622731925819042
25,55,0.014093012898619986
25,56,0.01566082431039601
25,57,0.01314240152529961
25,58,0.013841029273509973
25,59,0.014396945971737593
25,6,0.12000383326530256
25,60,0.03461298871191322
25,61,0.0020411903166339613
25,62,0.002491452892890019
25,63,2.861605794179411
25,64,0.0
25,65,0.001347210849650951
25,66,0.005844428030229167
25,67,0.034185003034285275
25,68,0.006157617159794157
25,69,0.004147996362207189
25,7,0.12085841936870118
25,70,0.003652722615505936
25,71,0.45554878595597725
25,72,0.028601603262870885
25,73,0.003477296038704092
25,74,0.010070185741986534
25,75,0.0
25,76,0.0974839666727385
25,77,0.07887191083372734
25,78,0.0014691143679091358
25,79,0.0016487090649239364
25,8,0.0
25,80,0.0019562378963020083
25,81,0.002080525088866285
25,82,0.002268946088803697
25,83,0.0
25,84,0.0
25,85,0.0
25,86,0.0
25,87,0.0
25,88,0.38861869094904267
25,89,0.06627729387726096
25,9,0.0
25,90,0.0
25,91,0.0
25,92,0.0
25,93,0.0
25,94,0.0
25,95,0.0
25,96,0.0
22,0,0.0
22,1,0.0
22,10,0.0
22,11,0.0
22,12,0.0
22,13,0.0
22,14,0.0
22,15,0.0
22,16,0.0
22,17,0.0
22,18,0.0
22,19,0.0
22,2,0.0
22,20,0.0
22,21,0.0
22,22,0.0
22,23,0.0
22,24,0.0
22,25,0.0
22,26,0.0
22,27,0.0
22,28,0.0
22,29,0.0
22,3,0.0
22,30,0.0
22,31,0.0
22,32,0.0
22,33,0.0
22,34,0.0
22,35,0.0
22,36,0.0
22,37,0.0
22,38,0.0
22,39,0.0
22,4,0.0
22,40,0.0
22,41,0.0
22,42,0.0
22,43,0.0
22,44,0.0
22,45,0.0
22,46,0.0
22,47,0.0
22,48,0.0
22,49,0.0
22,5,0.0
22,50,0.0
22,51,0.0
22,52,0.0
22,53,0.0
22,54,0.0
22,55,0.0
22,56,0.0
22,57,0.0
22,58,0.0
22,59,0.0
22,6,0.0
22,60,0.0
22,61,0.0
22,62,0.0
22,63,0.0
22,64,0.0
22,65,0.0
22,66,0.0
22,67,0.0
22,68,0.0
22,69,0.0
22,7,0.0
22,70,0.0
22,71,0.0
22,72,0.0
22,73,0.0
22,74,0.0
22,75,0.0
22,76,0.0
22,77,0.0
22,78,0.0
22,79,0.0
22,8,0.0
22,80,0.0
22,81,0.0
22,82,0.0
22,83,0.0
22,84,0.0
22,85,0.0
22,86,0.0
22,87,0.0
22,88,0.0
22,89,0.0
22,9,0.0
22,90,0.0
22,91,0.0
22,92,0.0
22,93,0.0
22,94,0.0
22,95,0.0
22,96,0.0
14,0,0.0
14,1,0.0
14,10,0.0
14,11,0.0
14,12,0.0
14,13,0.3218602418457856
14,14,0.19772466924546703
14,15,0.2272279825417494
14,16,0.1773169338811751
14,17,0.1472053639952292
14,18,0.12251258969999898
14,19,0.0
14,2,0.0
14,20,0.0
14,21,0.0
14,22,0.1576720399045408
14,23,0.20959533428808994
14,24,0.24839376173971012
14,25,0.23831272277239257
14,26,0.22591681926675425
14,27,0.17727410770850616
14,28,0.14655878404783004
14,29,0.0
14,3,0.0
14,30,0.0
14,31,0.0
14,32,0.0
14,33,0.16757103156487635
14,34,0.22733345778216327
14,35,0.2246889502468046
14,36,0.2311637994319842
14,37,0.22517183023202023
14,38,0.26331926192814625
14,39,0.16420652259037802
14,4,0.0
14,40,0.1267215576179388
14,41,0.0
14,42,0.0
14,43,0.04351517849832972
14,44,0.0504104908264249
14,45,0.18762866635795497
14,46,0.17302224757135465
14,47,0.1707084243534393
14,48,0.20998541546296898
14,49,0.3729691264948501
14,5,0.0
14,50,0.16390397924207606
14,51,0.12516577760222777
14,52,0.0
14,53,0.0
14,54,0.03481777941056582
14,55,0.05402545810790727
14,56,0.11080130713884898
14,57,0.11843530549689124
14,58,0.13020580236117058
14,59,0.07450669939227972
14,6,0.0
14,60,0.14155597191885422
14,61,0.10412502905088306
14,62,0.11321964275078278
14,63,0.0
14,64,0.0
14,65,0.0
14,66,0.008767080025305298
14,67,0.009722301215919599
14,68,0.1477238757975638
14,69,0.10025297405818231
14,7,0.14494530328505378
14,70,0.08965471663217943
14,71,0.08442130282331368
14,72,0.13762775173172567
14,73,0.0
14,74,0.0
14,75,0.0
14,76,0.0
14,77,0.00016880185450287533
14,78,0.006454307234447647
14,79,0.04024353663649404
14,8,0.2407948597039708
14,80,0.06158258715398666
14,81,0.05506515013572182
14,82,0.0
14,83,0.0
14,84,0.0
14,85,0.0
14,86,0.0
14,87,0.0
14,88,0.0
14,89,0.0
14,9,0.0
14,90,0.0
14,91,0.0
14,92,0.0
14,93,0.0
14,94,0.0
14,95,0.0
14,96,0.0
13,0,0.0
13,1,0.0
13,10,0.0
13,11,0.0
13,12,0.0
13,13,0.0
13,14,0.012430044817592016
13,15,0.20932641898267657
13,16,0.0987925364496827
13,17,0.11158883531384915
13,18,0.08569310517682817
13,19,0.17288941934820526
13,2,0.0
13,20,0.0
13,21,0.0
13,22,0.0
13,23,0.03543681814024894
13,24,0.1254277646720695
13,25,0.018857569638580117
13,26,0.08199332328368497
13,27,0.10063835628235292
13,28,0.0
13,29,0.06764700055615497
13,3,0.0
13,30,0.0
13,31,0.0
13,32,0.0
13,33,0.0
13,34,0.0031972949788263696
13,35,0.029276354799390985
13,36,0.0
13,37,0.07461458369752354
13,38,0.024299307343037185
13,39,0.6367397759148994
13,4,0.0
13,40,0.013331812363997055
13,41,0.029411296967399057
13,42,0.0
13,43,0.0
13,44,0.0
13,45,0.0
13,46,0.016166228552250136
13,47,0.08259315608330745
13,48,0.05399572199608297
13,49,0.025738686514380656
13,5,0.0
13,50,0.02018987685054822
13,51,0.06092846980237065
13,52,0.04603059291842342
13,53,0.0
13,54,0.0
13,55,0.0
13,56,0.0
13,57,0.0
13,58,0.0
13,59,0.0
13,6,0.08465530656951782
13,60,0.0
13,61,0.0
13,62,0.0
13,63,0.0
13,64,0.0
13,65,0.0
13,66,0.0
13,67,0.0
13,68,0.0
13,69,0.0
13,7,0.0963040036738601
13,70,0.0
13,71,0.0
13,72,0.0
13,73,0.019767520684274748
13,74,0.0
13,75,0.0
13,76,0.0
13,77,0.0
13,78,0.0
13,79,0.0
13,8,0.1185549205245919
13,80,0.0
13,81,0.0
13,82,0.0
13,83,0.0
13,84,0.0
13,85,0.0
13,86,0.0
13,87,0.0
13,88,0.0
13,89,0.0
13,9,0.09684709441768505
13,90,0.0
13,91,0.0
13,92,0.0
13,93,0.0
13,94,0.0
13,95,0.0
13,96,0.0
47,0,0.0
47,1,0.12109263266368238
47,10,0.0
47,11,0.0
47,12,0.08814233728294948
47,13,0.14893043480665957
47,14,0.1594185322905083
47,15,0.22155246560200145
47,16,0.20026022385659986
47,17,0.22470633289858
47,18,0.09391312794174483
47,19,0.0
47,2,0.11098143019073822
47,20,0.0
47,21,0.0
47,22,0.05151164415196949
47,23,0.1921976538706959
47,24,0.22878617007212146
47,25,0.21263136631600205
47,26,0.1397835591370322
47,27,0.0467973216689449
47,28,0.07829754296717484
47,29,0.08604686739311117
47,3,0.0
47,30,0.0
47,31,0.0
47,32,0.0
47,33,0.14746435049326817
47,34,0.1090562405369368
47,35,0.1680120814127502
47,36,0.2095803677087551
47,37,0.18169528973130894
47,38,0.07551471096690436
47,39,0.07218929187357921
47,4,0.0
47,40,0.06319167234865118
47,41,0.07486582173100258
47,42,0.0
47,43,0.0
47,44,0.09181893306399777
47,45,0.17633712029894677
47,46,0.2810388206551167
47,47,0.24983109633379988
47,48,0.1910471745965117
47,49,0.1018847737062762
47,5,0.16339325781063532
47,50,0.08866906841616647
47,51,0.13687071124180736
47,52,0.08997876886678036
47,53,0.0
47,54,0.0
47,55,0.0
47,56,0.0
47,57,0.3757850552430872
47,58,0.09177068053924713
47,59,0.0
47,6,0.1285977044942325
47,60,0.13511960159792438
47,61,0.1232842356800076
47,62,0.10545267935297546
47,63,0.18791680702821736
47,64,0.0
47,65,0.0
47,66,0.0
47,67,0.1307276938402231
47,68,0.2753197406141926
47,69,0.2380227423589641
47,7,0.14099858014429792
47,70,0.23738771772904724
47,71,0.10233574765291127
47,72,0.09981996044134965
47,73,0.10156780793817712
47,74,0.0
47,75,0.0
47,76,0.0
47,77,0.0
47,78,0.012759611963794956
47,79,0.015214627203488259
47,8,0.11723890978532883
47,80,0.0
47,81,0.08180584294727282
47,82,0.05733163970209495
47,83,0.0
47,84,0.0
47,85,0.0
47,86,0.0
47,87,0.0
47,88,0.0
47,89,0.0
47,9,0.09621234008478226
47,90,0.0
47,91,0.0
47,92,0.0
47,93,0.0
47,94,0.0
47,95,0.0
47,96,0.0
40,0,0.0
40,1,0.0
40,10,0.0
40,11,0.0
40,12,0.0
40,13,0.0
40,14,0.0
40,15,0.0
40,16,0.0
40,17,0.0
40,18,0.0
40,19,0.0
40,2,0.0
40,20,0.0
40,21,0.0
40,22,0.0
40,23,0.0
40,24,0.0
40,25,0.0
40,26,0.0
40,27,0.0
40,28,0.0
40,29,0.0
40,3,0.0
40,30,0.0
40,31,0.0
40,32,0.0
40,33,0.0
40,34,0.0
40,35,0.0
40,36,0.0
40,37,0.0
40,38,0.0
40,39,0.0
40,4,0.0
40,40,0.0
40,41,0.0
40,42,0.0
40,43,0.0
40,44,0.0
40,45,0.0
40,46,0.0
40,47,0.0
40,48,0.0
40,49,0.0
40,5,0.0
40,50,0.0
40,51,0.0
40,52,0.0
40,53,0.0
40,54,0.0
40,55,0.0
40,56,0.0
40,57,0.0
40,58,0.0
40,59,0.0
40,6,0.0
40,60,0.0
40,61,0.0
40,62,0.0
40,63,0.0
40,64,0.0
40,65,0.0
40,66,0.0
40,67,0.0
40,68,0.0
40,69,0.0
40,7,0.0
40,70,0.0
40,71,0.0
40,72,0.0
40,73,0.0
40,74,0.0
40,75,0.0
40,76,0.0
40,77,0.0
40,78,0.0
40,79,0.0
40,8,0.0
40,80,0.0
40,81,0.0
40,82,0.0
40,83,0.0
40,84,0.0
40,85,0.0
40,86,0.0
40,87,0.0
40,88,0.0
40,89,0.0
40,9,0.0
40,90,0.0
40,91,0.0
40,92,0.0
40,93,0.0
40,94,0.0
40,95,0.0
40,96,0.0
49,0,0.0
49,1,0.0
49,10,0.0
49,11,0.0
49,12,0.0
49,13,0.0
49,14,0.0
49,15,0.0
49,16,0.0
49,17,0.0
49,18,0.0
49,19,0.0
49,2,0.0
49,20,0.0
49,21,0.0
49,22,0.0
49,23,0.0
49,24,0.0
49,25,0.0
49,26,0.0
49,27,0.0
49,28,0.0
49,29,0.1296997996230738
49,3,0.0
49,30,0.022367380128576635
49,31,0.006135478231077815
49,32,0.0
49,33,0.0
49,34,0.0
49,35,0.0
49,36,0.023856054475777516
49,37,0.0
49,38,0.0
49,39,0.0
49,4,0.0
49,40,0.04954461071065301
49,41,0.043014103955994844
49,42,0.024112511458609907
49,43,0.0
49,44,0.0
49,45,0.0
49,46,0.0
49,47,0.0
49,48,0.0
49,49,0.0
49,5,0.0
49,50,0.0
49,51,0.04043813447794048
49,52,0.07652417573623906
49,53,0.029051315995563272
49,54,0.0
49,55,0.0
49,56,0.0
49,57,0.0
49,58,15.636159252168978
49,59,0.0
49,6,0.0
49,60,0.0
49,61,0.004379394174629968
49,62,0.054924809505067805
49,63,0.07078992709901613
49,64,0.06042422032362605
49,65,0.0
49,66,0.0044229146786586605
49,67,0.043518431625565394
49,68,3.803122145960566
49,69,0.3548478425124442
49,7,0.0
49,70,0.039702135297106804
49,71,0.008094905832394106
49,72,0.06274740405025526
49,73,0.09815471243929388
49,74,0.0
49,75,0.04775785403494167
49,76,0.0
49,77,0.0
49,78,0.01848303402700159
49,79,0.0
49,8,0.0
49,80,0.09682441507852145
49,81,0.07668645286702709
49,82,0.12464499547227052
49,83,0.0
49,84,0.0
49,85,0.0
49,86,0.003649441718832828
49,87,0.08308149748939579
49,88,0.04460334137011204
49,89,0.02327289517608737
49,9,0.0016347963507328516
49,90,0.0492148629870518
49,91,0.0
49,92,0.0
49,93,0.0
49,94,0.0
49,95,0.0
49,96,0.0
12,0,0.0
12,1,0.0
12,10,0.0
12,11,0.0
12,12,0.0
12,13,0.0
12,14,0.16280427100724554
12,15,0.18023392561205184
12,16,0.1710764472212052
12,17,0.2549065226828386
12,18,0.1753680888500919
12,19,0.12046170217031542
12,2,0.0
12,20,1.1591049557118407
12,21,0.0
12,22,0.0
12,23,0.00846405133606743
12,24,0.18004601461716424
12,25,0.16387660887323935
12,26,0.182963437893453
12,27,0.08243729877938623
12,28,0.0
12,29,0.11579168678547219
12,3,0.0
12,30,0.1274476433701781
12,31,0.0
12,32,0.0
12,33,0.0
12,34,0.034253565147760824
12,35,0.0
12,36,0.4635321080413878
12,37,0.15090519402743105
12,38,0.23443085655291424
12,39,0.0351319265322156
12,4,0.0
12,40,0.10521078981739913
12,41,0.17966059803109943
12,42,0.09256878306895797
12,43,0.0
12,44,0.0
12,45,0.011561972332745269
12,46,0.013065021710753159
12,47,0.007738345405115314
12,48,0.12038266898867633
12,49,0.19071233645906305
12,5,0.0
12,50,0.0
12,51,0.6425939940594938
12,52,0.0
12,53,0.11276746832522908
12,54,0.0
12,55,0.0
12,56,4.19432298384137
12,57,0.0
12,58,0.0
12,59,0.013712314140967932
12,6,0.0
12,60,0.017075009835205657
12,61,0.019026963014152534
12,62,0.32045558162894056
12,63,0.0
12,64,0.008754827192843451
12,65,0.0
12,66,0.0
12,67,0.0
12,68,0.0
12,69,0.0
12,7,0.0
12,70,0.0
12,71,0.0
12,72,0.0
12,73,0.0
12,74,0.0
12,75,0.0
12,76,0.0
12,77,0.0
12,78,0.0
12,79,0.0006744313628311624
12,8,0.0
12,80,0.0
12,81,0.0
12,82,0.0
12,83,1.9645462271479062
12,84,0.0
12,85,0.0
12,86,0.0
12,87,0.0
12,88,0.0
12,89,0.0
12,9,0.0
12,90,0.0
12,91,0.0
12,92,0.0
12,93,0.0
12,94,0.0
12,95,0.0
12,96,0.0
15,0,0.0
15,1,0.0
15,10,0.0
15,11,0.0
15,12,0.0
15,13,0.0
15,14,0.05990867436096592
15,15,0.06459314668559181
15,16,0.06216012839796118
15,17,0.06452500791122684
15,18,0.05794497164711145
15,19,0.0
15,2,0.0
15,20,0.0
15,21,0.0
15,22,0.06680184497152686
15,23,0.08112302074315637
15,24,0.07645047019769542
15,25,0.07568404183056988
15,26,0.07411170242838634
15,27,0.06863367174799323
15,28,0.07281590765444981
15,29,0.07214321252179433
15,3,0.0
15,30,0.0
15,31,0.0
15,32,0.0
15,33,0.07374688373324423
15,34,0.08644972766174543
15,35,0.08300625410621561
15,36,0.08149703534159687
15,37,0.07902072103924436
15,38,0.07990898594811895
15,39,0.0787196230814481
15,4,0.0
15,40,0.07742865626825621
15,41,0.05709308362558532
15,42,0.0
15,43,0.0
15,44,0.06313059289141407
15,45,0.07638919202060325
15,46,0.06845769602885705
15,47,0.06618909344628218
15,48,0.07435946491353956
15,49,0.0766444784551276
15,5,0.0
15,50,0.0678658596381809
15,51,0.05713322611331232
15,52,0.05752265930540975
15,53,0.0
15,54,0.0
15,55,0.0
15,56,0.06597936900536193
15,57,0.0885993350113625
15,58,0.08000261037088693
15,59,0.06946492901800655
15,6,0.0
15,60,0.07188520015689456
15,61,0.06040802948705771
15,62,0.05238381139672676
15,63,0.06502652129894933
15,64,0.0
15,65,0.0
15,66,0.0
15,67,0.0
15,68,0.0
15,69,0.03539833480670473
15,7,0.0
15,70,0.03599995824004843
15,71,0.04574018698196377
15,72,0.03721234557840117
15,73,0.019685770389758144
15,74,0.015307836993666769
15,75,0.0
15,76,0.0
15,77,0.0
15,78,0.0
15,79,0.0
15,8,0.0
15,80,0.0
15,81,0.0
15,82,0.0
15,83,0.0
15,84,0.0
15,85,0.0
15,86,0.0
15,87,0.0
15,88,0.0
15,89,0.0
15,9,0.0
15,90,0.0
15,91,0.0
15,92,0.0
15,93,0.0
15,94,0.0
15,95,0.0
15,96,0.0
23,0,0.0
23,1,0.0
23,10,0.05115975510556081
23,11,0.05413705933448769
23,12,0.0
23,13,0.0
23,14,0.0
23,15,0.04649859748605331
23,16,0.05729931702079074
23,17,0.05017550675469839
23,18,0.048397218929866946
23,19,0.05143855071736384
23,2,0.0
23,20,0.052700704043762626
23,21,0.0
23,22,0.0
23,23,0.0903001920233583
23,24,0.05650642641533358
23,25,0.059556438957159924
23,26,0.04996272245589904
23,27,0.05066277402861186
23,28,0.05450585498000918
23,29,0.04535290782112189
23,3,0.05087706795748085
23,30,0.055757388451370384
23,31,0.0
23,32,0.0
23,33,0.04701753028466292
23,34,0.057993171966779986
23,35,0.07145128272915317
23,36,0.06106650469503277
23,37,0.04985160246195697
23,38,0.06534054605841087
23,39,0.061019484785467024
23,4,0.0501309312500828
23,40,0.06902598808729772
23,41,0.059388987432187304
23,42,0.052056133616196425
23,43,0.0
23,44,0.0
23,45,0.06382502169708815
23,46,0.053148068278412196
23,47,0.0474230388439401
23,48,0.05731825099088925
23,49,0.04875477687985792
23,5,0.0
23,50,0.059872259967405535
23,51,0.05934708037799001
23,52,0.0606337185061428
23,53,0.0587920509619576
23,54,0.0
23,55,0.0
23,56,0.07447455409291666
23,57,0.047656427115962366
23,58,0.06137776779755789
23,59,0.054404830775911184
23,6,0.0
23,60,0.04319572994165397
23,61,0.049268567642734455
23,62,0.05581770384465963
23,63,0.050005204113028015
23,64,0.04199818987801623
23,65,0.0
23,66,0.0
23,67,0.03595191872565444
23,68,0.03655753181510599
23,69,0.04003017474572332
23,7,0.0
23,70,0.041045246520682394
23,71,0.04813849969007399
23,72,0.059673805927143365
23,73,0.046638136563925944
23,74,0.07084459867875832
23,75,0.03937104197993594
23,76,0.0
23,77,0.0
23,78,0.013140935519719678
23,79,0.04323060321575164
23,8,0.0407989007610452
23,80,0.07309535435165879
23,81,0.036356146053233895
23,82,0.021468528302942266
23,83,0.029863337899935408
23,84,0.015325659089821359
23,85,0.0
23,86,0.0
23,87,0.0
23,88,0.0
23,89,0.0
23,9,0.05061305606440756
23,90,0.0
23,91,0.0
23,92,0.0
23,93,0.0
23,94,0.0
23,95,0.0
23,96,0.0
24,0,0.0
24,1,0.0
24,10,0.0
24,11,0.0
24,12,0.0
24,13,0.0
24,14,0.0
24,15,0.0030760094074826095
24,16,0.0008662727969702798
24,17,0.0
24,18,0.0
24,19,0.0
24,2,0.0
24,20,0.0
24,21,0.0
24,22,0.0
24,23,0.0
24,24,0.0
24,25,0.0023825398088791225
24,26,0.0023815332239449753
24,27,0.0
24,28,0.0
24,29,0.0
24,3,0.0
24,30,0.0
24,31,0.0
24,32,0.0
24,33,0.0
24,34,0.0
24,35,0.0
24,36,0.0
24,37,0.0
24,38,0.0
24,39,0.0
24,4,0.0
24,40,0.0
24,41,0.0
24,42,0.0
24,43,0.0
24,44,0.0003493878288503754
24,45,0.0
24,46,0.0
24,47,0.0
24,48,0.0
24,49,0.0
24,5,0.0
24,50,0.0
24,51,0.0
24,52,0.0
24,53,0.0
24,54,0.0
24,55,0.00030305504596609035
24,56,0.0
24,57,0.0
24,58,0.0
24,59,0.0
24,6,0.0
24,60,0.0
24,61,0.0
24,62,0.0
24,63,0.0
24,64,0.0
24,65,0.0
24,66,0.0
24,67,0.0
24,68,0.0
24,69,0.0
24,7,0.0
24,70,0.0
24,71,0.0
24,72,0.0
24,73,0.0
24,74,0.0
24,75,0.0
24,76,0.0
24,77,0.0
24,78,0.0
24,79,0.0
24,8,0.0
24,80,0.0
24,81,0.0
24,82,0.0
24,83,0.0
24,84,0.0
24,85,0.0
24,86,0.0
24,87,0.0
24,88,0.0
24,89,0.0
24,9,0.0
24,90,0.0
24,91,0.0
24,92,0.0
24,93,0.0
24,94,0.0
24,95,0.0
24,96,0.0
48,0,0.0
48,1,0.0
48,10,0.0
48,11,0.0
48,12,0.0
48,13,0.0
48,14,0.06505830153221592
48,15,0.05239695483869035
48,16,0.22009080003163012
48,17,0.11304094431821088
48,18,0.0
48,19,0.0
48,2,0.0
48,20,0.0
48,21,0.0
48,22,0.0
48,23,0.09461557623791973
48,24,0.09739317429677256
48,25,0.06193476508519634
48,26,0.06750713044065279
48,27,0.07500939358709328
48,28,0.12746428291462372
48,29,0.11655931553705697
48,3,0.0
48,30,0.0
48,31,0.0
48,32,0.0
48,33,0.10100481756906651
48,34,0.14137202968529874
48,35,0.12521379136895966
48,36,0.1233981912169733
48,37,0.16540912410906505
48,38,0.11845449041935847
48,39,0.07442155975575479
48,4,0.0
48,40,0.07766622750113403
48,41,0.0696101414418408
48,42,0.0
48,43,0.0
48,44,0.1323601959611609
48,45,0.14905130441716732
48,46,0.1432411167486721
48,47,0.0933938027074596
48,48,0.11205302349071576
48,49,0.12765264475308416
48,5,0.0
48,50,0.14640538186183719
48,51,0.11128846606337717
48,52,0.07687086386708103
48,53,0.043227490411370695
48,54,0.0
48,55,0.0
48,56,0.1199352007244086
48,57,0.10366543963809502
48,58,0.0
48,59,0.13666673923019718
48,6,0.0
48,60,0.14160384765974857
48,61,0.09976565048700597
48,62,0.056201331152614616
48,63,0.052627093773624616
48,64,0.0
48,65,0.0
48,66,0.0
48,67,0.20805079292615405
48,68,1.0222852339368316
48,69,0.06051510195433088
48,7,0.0
48,70,0.1055625985078123
48,71,0.10206898945065956
48,72,0.08323668959124005
48,73,0.0
48,74,0.00782746828589403
48,75,0.0
48,76,0.0
48,77,0.0
48,78,0.012597390992143786
48,79,0.027881583013519954
48,8,0.0
48,80,0.030765157597596293
48,81,0.05734300059866092
48,82,0.0986960252939301
48,83,0.0
48,84,0.0
48,85,0.0
48,86,0.0
48,87,0.11897054313146173
48,88,0.0
48,89,0.0
48,9,0.0
48,90,0.0
48,91,0.0
48,92,0.0
48,93,0.0
48,94,0.0
48,95,0.0
48,96,0.0
41,0,0.0
41,1,0.0
41,10,0.0
41,11,0.0
41,12,0.0
41,13,0.0
41,14,0.0
41,15,0.0
41,16,0.0
41,17,0.0
41,18,0.0
41,19,0.0
41,2,0.0
41,20,0.0
41,21,0.0
41,22,0.0
41,23,0.0
41,24,0.0
41,25,0.0
41,26,0.0
41,27,0.0
41,28,0.0
41,29,0.0
41,3,0.0
41,30,0.0
41,31,0.0007080304351737622
41,32,0.0
41,33,0.0
41,34,0.0
41,35,0.0
41,36,0.0
41,37,0.0
41,38,0.0
41,39,0.0
41,4,0.0
41,40,0.0
41,41,0.0
41,42,0.0
41,43,0.0
41,44,0.0
41,45,0.0
41,46,0.0
41,47,0.0
41,48,0.0
41,49,0.0
41,5,0.0
41,50,0.0
41,51,0.0
41,52,0.0
41,53,0.01583643550251928
41,54,0.0
41,55,0.0
41,56,0.0
41,57,0.0
41,58,0.0
41,59,0.0
41,6,0.0
41,60,0.0
41,61,0.0
41,62,0.0
41,63,0.0
41,64,0.0035673750505229467
41,65,0.0
41,66,0.0
41,67,0.0
41,68,0.0
41,69,0.0
41,7,0.0
41,70,0.0
41,71,0.0
41,72,0.007597798798294151
41,73,0.006847337916419631
41,74,0.0863176212244672
41,75,0.0
41,76,0.0
41,77,0.0
41,78,0.0
41,79,0.04243950650008027
41,8,0.0
41,80,0.040909197565213114
41,81,0.0181791774792194
41,82,0.13601468803185385
41,83,0.05838624099871832
41,84,0.04511114709978177
41,85,0.0
41,86,0.0
41,87,0.02215992820183262
41,88,0.029293586010320716
41,89,0.03387689701851605
41,9,0.0
41,90,0.05320317708092255
41,91,0.028374124176922377
41,92,0.0
41,93,0.0
41,94,0.0
41,95,0.0
41,96,0.0
46,0,0.0
46,1,0.0
46,10,0.06003260113284947
46,11,0.0
46,12,0.0
46,13,0.10385980884305437
46,14,0.11667043901086131
46,15,0.10603533430592978
46,16,0.09599223505097494
46,17,0.08172149838702188
46,18,0.08066606197850108
46,19,0.05291068879814956
46,2,0.0
46,20,0.0
46,21,0.0
46,22,0.11507008836889626
46,23,0.12261996831149669
46,24,0.11311933847810851
46,25,0.1085000740513005
46,26,0.08934913051489157
46,27,0.09118315550121328
46,28,0.08574287133767694
46,29,0.0737672025116257
46,3,0.0
46,30,0.061238495200454796
46,31,0.0
46,32,0.0
46,33,0.12231851601778437
46,34,0.11547740338170624
46,35,0.1097534349885327
46,36,0.10350830302942922
46,37,0.10121041145719206
46,38,0.08861004012515787
46,39,0.09034186134692485
46,4,0.0
46,40,0.08839691376066543
46,41,0.06939602901051424
46,42,0.0
46,43,0.0936764514396665
46,44,0.12318070891553812
46,45,0.12412856207966405
46,46,0.11368436575248732
46,47,0.11264192379532474
46,48,0.10480897254641255
46,49,0.09733850794111881
46,5,0.0
46,50,0.09681524856761836
46,51,0.09242898961316022
46,52,0.0813118056842992
46,53,0.0
46,54,0.0
46,55,0.13626091863607487
46,56,0.1286088918166805
46,57,0.11698194275087546
46,58,0.11060515397896512
46,59,0.10379733658999947
46,6,0.0
46,60,0.10321356161322497
46,61,0.09002591331610578
46,62,0.08732172723623925
46,63,0.0
46,64,0.0
46,65,0.0
46,66,0.0
46,67,0.13801585644458134
46,68,0.10944658490694069
46,69,0.11134759218785287
46,7,0.1048276580887192
46,70,0.11468354917732979
46,71,0.09255723474947664
46,72,0.09242646336013635
46,73,0.1301770034382629
46,74,0.0
46,75,0.0
46,76,0.0
46,77,0.0
46,78,0.05646056235768661
46,79,0.19504504774354475
46,8,0.08920252496667166
46,80,0.06863510177556066
46,81,0.05642476563570558
46,82,0.0
46,83,0.0
46,84,0.0
46,85,0.0
46,86,0.0
46,87,0.0
46,88,0.0
46,89,0.0
46,9,0.07806455224737807
46,90,0.0
46,91,0.0
46,92,0.0
46,93,0.0
46,94,0.0
46,95,0.0
46,96,0.0
52,0,0.0
52,1,0.0
52,10,0.17458599114524784
52,11,0.0
52,12,0.0
52,13,0.13090836190252486
52,14,0.15045674368619014
52,15,0.15762128761055022
52,16,0.15073493509299857
52,17,0.13732524749197503
52,18,0.14736803324201775
52,19,0.10172585912755976
52,2,0.0
52,20,0.0
52,21,0.0
52,22,0.12268141975000851
52,23,0.16902792643180228
52,24,0.17842686639600155
52,25,0.17994671263705347
52,26,0.18773656483388393
52,27,0.1726659875137824
52,28,0.14269812181751326
52,29,0.154632750255572
52,3,0.0
52,30,0.131594908198217
52,31,0.0
52,32,0.0
52,33,0.16042910660697474
52,34,0.1919588703439861
52,35,0.18892033512848122
52,36,0.16526018445397442
52,37,0.22315234243810822
52,38,0.17818852778983726
52,39,0.1735746268610454
52,4,0.0
52,40,0.16821433871038474
52,41,0.1574184100380772
52,42,0.09550495036266639
52,43,0.0
52,44,0.15874626733665145
52,45,0.20577586393159172
52,46,0.20758036028833496
52,47,0.1284289261938225
52,48,0.1746275608866744
52,49,0.18861701691948526
52,5,0.0
52,50,0.16566129979275765
52,51,0.18006824586518286
52,52,0.1550491821543264
52,53,0.0
52,54,0.0
52,55,0.01117808121353465
52,56,0.20632577129731455
52,57,0.20049252133537573
52,58,0.22183680014866852
52,59,0.19593011172914618
52,6,0.0
52,60,0.19652027169769787
52,61,0.18991033519174155
52,62,0.1673609956353447
52,63,0.14141279870675968
52,64,0.0
52,65,0.0
52,66,0.0
52,67,0.0014571542678502875
52,68,0.5907477592304545
52,69,0.19342597608619388
52,7,0.13967713629944378
52,70,0.18732925273130055
52,71,0.1812019070724139
52,72,0.16641233315083445
52,73,0.14835826741280975
52,74,0.0
52,75,0.0
52,76,0.0
52,77,0.0
52,78,0.0
52,79,0.0
52,8,0.11129693282347676
52,80,0.0
52,81,0.0
52,82,0.0
52,83,0.0
52,84,0.0
52,85,0.0
52,86,0.0
52,87,0.0
52,88,0.0
52,89,0.0
52,9,0.061327989270755855
52,90,0.0
52,91,0.0
52,92,0.0
52,93,0.0
52,94,0.0
52,95,0.0
52,96,0.0
6,0,0.0
6,1,0.0795277867246538
6,10,0.12194772466886615
6,11,0.12000386412442476
6,12,0.09468879715197742
6,13,0.13601466160329415
6,14,0.1392795348222713
6,15,0.12210494623588386
6,16,0.13301984988709933
6,17,0.14555618525933792
6,18,0.13044307506132455
6,19,0.0970838440348045
6,2,0.11589222652062804
6,20,0.0
6,21,0.0
6,22,0.22020645928461197
6,23,0.11754863406807943
6,24,0.13877917348873692
6,25,0.0
6,26,0.15731733490950314
6,27,0.15675449580011588
6,28,0.12932829470297166
6,29,0.10484635814677166
6,3,0.11697264761739246
6,30,0.07468679824417737
6,31,0.0
6,32,0.0
6,33,0.08166685313931463
6,34,0.08972849119939749
6,35,0.12760281254827827
6,36,0.1319437445404741
6,37,0.14542636673517284
6,38,0.14887747447655206
6,39,0.1339544738497903
6,4,0.0
6,40,0.10309757397416623
6,41,0.09500136089449478
6,42,0.0
6,43,0.0
6,44,0.6353634010893938
6,45,0.016381535126761954
6,46,0.02168223376195443
6,47,0.10528623378733006
6,48,0.1399700743980936
6,49,0.13276717616070513
6,5,0.11627771770095695
6,50,0.14797701155985843
6,51,0.11625015205935064
6,52,0.0975256081348617
6,53,0.0
6,54,0.0
6,55,0.051237637821926064
6,56,0.04939616713969376
6,57,0.11271545458505128
6,58,0.045711733320359896
6,59,0.038542538146720026
6,6,0.14224865247343477
6,60,0.0496787118026151
6,61,0.0675502822588544
6,62,0.11255996330545191
6,63,0.0
6,64,0.0
6,65,0.0
6,66,0.0
6,67,0.03244678969840383
6,68,0.2668129513141071
6,69,0.07028326263339131
6,7,0.15612938308150773
6,70,0.11237898689540604
6,71,0.08685150155079556
6,72,0.06383050993510486
6,73,0.08988534353985686
6,74,0.0
6,75,0.0
6,76,0.0
6,77,0.0
6,78,0.0
6,79,0.0
6,8,0.13795757942390288
6,80,0.0
6,81,0.0
6,82,0.0
6,83,0.0
6,84,0.0
6,85,0.0
6,86,0.0
6,87,0.0
6,88,0.0
6,89,0.0
6,9,0.12561012877012068
6,90,0.0
6,91,0.0
6,92,0.0
6,93,0.0
6,94,0.0
6,95,0.0
6,96,0.0
39,0,0.0
39,1,0.0
39,10,0.0
39,11,0.0
39,12,0.0
39,13,0.0
39,14,0.0
39,15,0.0
39,16,0.0
39,17,0.0
39,18,0.0
39,19,0.0
39,2,0.0
39,20,0.0
39,21,0.0
39,22,0.0
39,23,0.0
39,24,0.0
39,25,0.0
39,26,0.0
39,27,0.0
39,28,0.0
39,29,0.0
39,3,0.0
39,30,0.0
39,31,0.0
39,32,0.0
39,33,0.0
39,34,0.0
39,35,0.0
39,36,0.0
39,37,0.0
39,38,0.0
39,39,0.0
39,4,0.0
39,40,0.0
39,41,0.0
39,42,0.0
39,43,0.0
39,44,0.0
39,45,0.0
39,46,0.0
39,47,0.0
39,48,0.0
39,49,0.0
39,5,0.0
39,50,0.0
39,51,0.0
39,52,0.0
39,53,0.0
39,54,0.0
39,55,0.0
39,56,0.0
39,57,0.0
39,58,0.0
39,59,0.0
39,6,0.0
39,60,0.0
39,61,0.0
39,62,0.0
39,63,0.0
39,64,0.0
39,65,0.0
39,66,0.0
39,67,0.0
39,68,0.0
39,69,0.0
39,7,0.0
39,70,0.0
39,71,0.0
39,72,0.0
39,73,0.0
39,74,0.0
39,75,0.0
39,76,0.0
39,77,0.0
39,78,0.0
39,79,0.0
39,8,0.0
39,80,0.0
39,81,0.0
39,82,0.0
39,83,0.0
39,84,0.0
39,85,0.0
39,86,0.0
39,87,0.0
39,88,0.0
39,89,0.0
39,9,0.0
39,90,0.0
39,91,0.0
39,92,0.0
39,93,0.0
39,94,0.0
39,95,0.0
39,96,0.0
1,0,0.0
1,1,0.0
1,10,0.0
1,11,0.0
1,12,0.0
1,13,0.0
1,14,0.0
1,15,0.0
1,16,0.0
1,17,0.0
1,18,0.0
1,19,0.0
1,2,0.0
1,20,0.0
1,21,0.0
1,22,0.0
1,23,0.0
1,24,0.0
1,25,0.0
1,26,0.0
1,27,0.0
1,28,0.0
1,29,0.0
1,3,0.0
1,30,0.0
1,31,0.0
1,32,0.0
1,33,0.0
1,34,0.0
1,35,0.0
1,36,0.0
1,37,0.0
1,38,0.0
1,39,0.0
1,4,0.0
1,40,0.0
1,41,0.0
1,42,0.0
1,43,0.0
1,44,0.0
1,45,0.0
1,46,0.0
1,47,0.0
1,48,0.0
1,49,0.0
1,5,0.0
1,50,0.0
1,51,0.0
1,52,0.0
1,53,0.0
1,54,0.0
1,55,0.0
1,56,0.0
1,57,0.0
1,58,0.0
1,59,0.0
1,6,0.0
1,60,0.0
1,61,0.0
1,62,0.0
1,63,0.0
1,64,0.09598276478628202
1,65,0.0
1,66,0.0
1,67,0.4173439811694395
1,68,0.0
1,69,0.0
1,7,0.0
1,70,0.3189241285876572
1,71,0.03198898262879426
1,72,0.0
1,73,0.06845937315174971
1,74,0.20184340700137102
1,75,0.0
1,76,0.0
1,77,0.0
1,78,0.14719069216528124
1,79,0.07579736527275488
1,8,0.0
1,80,0.08472846312916857
1,81,0.0928061203249911
1,82,0.11367994402399552
1,83,0.08208709006366847
1,84,0.0
1,85,0.0
1,86,0.0
1,87,0.0
1,88,0.08827173216944109
1,89,0.09952278115558882
1,9,0.0
1,90,0.07784953775168754
1,91,0.0
1,92,0.0
1,93,0.0
1,94,0.0
1,95,0.0
1,96,0.0
37,0,0.0
37,1,0.0
37,10,0.0
37,11,0.0
37,12,0.0
37,13,0.0
37,14,0.20364930832694378
37,15,0.013776979902574704
37,16,0.0
37,17,0.09023076647426888
37,18,0.0
37,19,0.0
37,2,0.0
37,20,0.0
37,21,0.0
37,22,0.14208345495000485
37,23,0.13078004599160556
37,24,0.08203890589633536
37,25,0.09677354913466127
37,26,0.12363720886528237
37,27,0.12151371720616001
37,28,0.10971234832855584
37,29,0.010878881526648985
37,3,0.0
37,30,0.0
37,31,0.0
37,32,0.0
37,33,0.10941389321985545
37,34,0.0984777866470311
37,35,0.0998850038220283
37,36,0.06478546639867076
37,37,0.4332951682822488
37,38,0.5399059946533878
37,39,0.0640603675619164
37,4,0.0
37,40,0.0
37,41,0.05086289445400807
37,42,0.0
37,43,0.03419338655941014
37,44,0.14819370399048587
37,45,0.13210414826841183
37,46,0.12414955338971728
37,47,0.12276862542546996
37,48,0.012691989688229795
37,49,0.018176155955157182
37,5,0.0
37,50,0.09790298792926085
37,51,0.11632376359887109
37,52,0.09416938799382
37,53,0.020125965543196924
37,54,0.017761941343650004
37,55,0.07264647098232711
37,56,0.0938986155185705
37,57,0.13565023942267254
37,58,0.24383472603601014
37,59,0.10917381313248672
37,6,0.0
37,60,0.08644480607188317
37,61,0.14386574448724446
37,62,0.12650315110313454
37,63,0.08304366910656873
37,64,0.0
37,65,0.0
37,66,0.0
37,67,0.03456981921935273
37,68,0.03639219714900927
37,69,0.13448816398487656
37,7,0.0
37,70,0.029591820364291775
37,71,0.024980336014782063
37,72,0.033350895756224755
37,73,0.0831543337306526
37,74,0.018258451034916388
37,75,0.0
37,76,0.003511860783015516
37,77,0.008582484577103566
37,78,0.012146085411237907
37,79,0.005198473252963945
37,8,4.3432184986362286
37,80,0.006943301554966266
37,81,0.009783177942925271
37,82,0.03475847293018816
37,83,0.06186673595741091
37,84,0.0
37,85,0.010031711170526068
37,86,0.0007298761937600871
37,87,0.0008818207956724465
37,88,0.0009453600335149034
37,89,0.002230450211436324
37,9,0.0
37,90,0.0012245255499223973
37,91,0.0
37,92,0.0
37,93,0.0
37,94,0.0
37,95,0.0
37,96,0.0
8,0,0.0
8,1,0.0
8,10,0.0
8,11,0.0
8,12,0.0
8,13,0.0
8,14,0.0
8,15,0.0
8,16,0.0
8,17,0.0
8,18,0.0
8,19,0.0
8,2,0.0
8,20,0.0
8,21,0.0
8,22,0.0
8,23,0.0
8,24,0.0
8,25,0.0
8,26,0.0
8,27,0.0
8,28,0.0
8,29,0.0
8,3,0.0
8,30,0.0
8,31,0.0
8,32,0.0
8,33,0.0
8,34,0.0
8,35,0.0
8,36,0.0
8,37,0.0
8,38,0.0
8,39,0.0
8,4,0.0
8,40,0.0
8,41,0.0
8,42,0.0
8,43,0.0
8,44,0.0
8,45,0.0
8,46,0.0
8,47,0.0
8,48,0.0
8,49,0.0
8,5,0.0
8,50,0.0
8,51,0.0
8,52,0.0
8,53,0.0
8,54,0.0
8,55,0.0
8,56,0.0
8,57,0.0
8,58,0.0
8,59,0.0
8,6,0.0
8,60,0.0
8,61,0.0
8,62,0.0
8,63,0.0
8,64,0.0
8,65,0.0
8,66,0.0
8,67,0.0
8,68,0.0
8,69,0.0
8,7,0.0
8,70,0.0
8,71,0.0
8,72,0.0
8,73,0.0
8,74,0.0
8,75,0.0
8,76,0.0
8,77,0.0
8,78,0.0
8,79,0.0
8,8,0.0
8,80,0.0
8,81,0.0
8,82,0.0
8,83,0.0
8,84,0.0
8,85,0.0
8,86,0.0
8,87,0.0
8,88,0.0
8,89,0.0
8,9,0.0
8,90,0.0
8,91,0.0
8,92,0.0
8,93,0.0
8,94,0.0
8,95,0.0
8,96,0.0
30,0,0.0
30,1,0.0
30,10,0.0
30,11,0.0
30,12,0.0
30,13,0.0
30,14,0.0
30,15,0.0
30,16,0.0
30,17,0.0
30,18,0.0
30,19,0.0
30,2,0.0
30,20,0.0
30,21,0.0
30,22,0.0
30,23,0.0
30,24,0.0
30,25,0.0
30,26,0.0
30,27,0.0
30,28,0.0
30,29,0.0
30,3,0.0
30,30,0.0
30,31,0.0
30,32,0.0
30,33,0.0
30,34,0.0
30,35,0.13428222524983882
30,36,0.0
30,37,0.0
30,38,0.0
30,39,0.0
30,4,0.0
30,40,0.0
30,41,0.0
30,42,0.0
30,43,0.0
30,44,0.0
30,45,0.0020466974489962986
30,46,0.024424456012409567
30,47,0.07273661324197059
30,48,0.0006099154778259518
30,49,0.0
30,5,0.0
30,50,0.005376793556229382
30,51,0.0
30,52,0.06909243971277482
30,53,0.12413381199331235
30,54,0.07687699718888273
30,55,0.01805087711919553
30,56,0.0
30,57,0.1409917642682154
30,58,0.013681199592597322
30,59,0.03437028482655034
30,6,0.0
30,60,0.09835587614887562
30,61,0.07761484266334885
30,62,0.04157831151724275
30,63,0.06066779205420926
30,64,0.051666781440731134
30,65,0.07539844171886255
30,66,0.11658702801094945
30,67,0.052907857413928894
30,68,0.027654427508412124
30,69,0.04357846020055491
30,7,0.0
30,70,0.0408607551563719
30,71,0.04341031563671505
30,72,0.08212640274095694
30,73,0.08803127977736634
30,74,0.08670509849513387
30,75,0.0
30,76,0.0
30,77,0.0
30,78,0.0733672062737346
30,79,0.0823151827179509
30,8,0.0
30,80,0.07266276706356624
30,81,0.07435786144241079
30,82,0.08413148573379389
30,83,0.07475927247266398
30,84,0.05156141784323373
30,85,0.0
30,86,0.019704802910590805
30,87,0.03470913226524737
30,88,0.060507559014859116
30,89,0.07647651291573582
30,9,0.0
30,90,0.06940099652890915
30,91,0.0
30,92,0.0
30,93,0.0
30,94,0.0
30,95,0.0
30,96,0.0
31,0,0.0
31,1,0.0
31,10,0.0
31,11,0.0
31,12,0.04193948677272022
31,13,0.0
31,14,0.0
31,15,0.0
31,16,0.0
31,17,0.012203993659293049
31,18,0.030603545193370014
31,19,0.05062352818871726
31,2,0.0
31,20,0.0
31,21,0.05107181686055046
31,22,0.05538508816633501
31,23,0.01138254728334532
31,24,0.016224291841819963
31,25,0.020672944813588577
31,26,0.0
31,27,0.015666157934298004
31,28,0.04827056895140462
31,29,0.029604701531108633
31,3,0.0
31,30,0.041563588966030886
31,31,0.0
31,32,0.09589783975731268
31,33,0.038210431890055255
31,34,0.13611550839822964
31,35,0.01909690725586991
31,36,0.012472921621256362
31,37,0.014145770895963519
31,38,0.057504678929813265
31,39,0.05162673633620981
31,4,0.0
31,40,0.0709047409492757
31,41,0.059838160855319796
31,42,0.0
31,43,0.014856709162514569
31,44,0.13949783569107918
31,45,0.026001249620056732
31,46,0.037046130980141916
31,47,0.10413607669413771
31,48,0.05522553477252126
31,49,0.06783766756267301
31,5,0.0
31,50,0.0796791026584989
31,51,0.06849589521223963
31,52,0.06551833614874983
31,53,0.01634160281078369
31,54,0.052166957665135134
31,55,0.026542408256023664
31,56,0.03940587314703379
31,57,0.01417822453588341
31,58,0.005416115826731876
31,59,0.3701945377584412
31,6,0.003559401607639329
31,60,0.005729455582137772
31,61,0.11119147784037232
31,62,0.0534988291590171
31,63,0.0332933765253063
31,64,0.06665779483159263
31,65,0.0
31,66,0.055766936587934225
31,67,0.030860908013883435
31,68,0.019817565157323157
31,69,0.7283576585715259
31,7,0.0
31,70,0.6797906730291835
31,71,0.23329481635915236
31,72,0.006346293817674013
31,73,0.006497925957182667
31,74,0.006026562997615186
31,75,0.0
31,76,0.10882585453558952
31,77,0.07967447740229788
31,78,0.03483474570809806
31,79,0.09999331473267214
31,8,0.0
31,80,0.0
31,81,0.0
31,82,0.04569749141988796
31,83,0.04776100176381377
31,84,0.13746025680325172
31,85,0.15171619188890556
31,86,0.0
31,87,0.0
31,88,0.0
31,89,0.19934906833500943
31,9,0.20547361153775415
31,90,0.08376059253148678
31,91,0.0
31,92,0.0
31,93,0.0
31,94,0.0
31,95,0.0
31,96,0.0
36,0,0.0
36,1,0.0
36,10,0.0
36,11,0.0
36,12,0.03219876833271373
36,13,0.029016270500616878
36,14,0.0
36,15,0.0
36,16,0.0
36,17,0.009113176486713193
36,18,0.026213698942033826
36,19,0.0
36,2,0.0
36,20,0.0
36,21,0.0
36,22,0.034723911912578675
36,23,0.03959609382271803
36,24,0.018649748112505617
36,25,0.0
36,26,0.014718621072107295
36,27,0.04036203011209255
36,28,0.02577144140665828
36,29,0.02973269542260056
36,3,0.0
36,30,0.0
36,31,0.0
36,32,0.0
36,33,0.03939528019780482
36,34,0.02799377362487034
36,35,0.037819097963727906
36,36,0.03199699557353562
36,37,0.036373273864069786
36,38,0.05157050229153525
36,39,0.03912174914681751
36,4,0.0
36,40,0.039563604400354495
36,41,0.03167323645003106
36,42,0.0
36,43,0.0
36,44,0.023044539547796006
36,45,0.030616024147120665
36,46,0.03177635763182881
36,47,0.0
36,48,0.044801287409794985
36,49,0.03863833644960714
36,5,0.03463953150924362
36,50,0.043736231287687714
36,51,0.0376469828968412
36,52,0.03662372473901475
36,53,0.0
36,54,0.0
36,55,0.023500527838641344
36,56,0.013974956737776333
36,57,0.02844749213716396
36,58,0.03910045711785838
36,59,0.03144864240141832
36,6,0.013972695815380206
36,60,0.03137639926414274
36,61,0.029096241033759504
36,62,0.03298816014875208
36,63,0.024109138903185022
36,64,0.0
36,65,0.0
36,66,0.0
36,67,0.00599817531222591
36,68,0.03146919134697939
36,69,0.02201435845646514
36,7,0.0
36,70,0.027382788122136695
36,71,0.03597084778612022
36,72,0.024655995152772236
36,73,0.014266477687468365
36,74,0.015881147668832415
36,75,0.0
36,76,0.0
36,77,0.0
36,78,0.0051758131294851635
36,79,0.007591239967180032
36,8,0.0
36,80,0.011658159222125642
36,81,0.007157201635588254
36,82,0.01463120878218659
36,83,0.032274540892350476
36,84,0.0
36,85,0.0
36,86,0.0
36,87,0.0
36,88,0.0
36,89,0.0
36,9,0.0
36,90,0.0
36,91,0.0
36,92,0.0
36,93,0.0
36,94,0.0
36,95,0.0
36,96,0.0
9,0,0.0
9,1,0.0
9,10,0.0
9,11,0.0
9,12,0.0
9,13,0.0
9,14,0.0
9,15,0.0
9,16,0.0
9,17,0.0
9,18,0.0
9,19,0.0
9,2,0.0
9,20,0.0
9,21,0.0
9,22,0.0
9,23,0.0
9,24,0.0
9,25,0.0
9,26,0.0
9,27,0.0
9,28,0.0
9,29,0.0
9,3,0.0
9,30,0.0
9,31,0.0
9,32,0.0
9,33,0.0
9,34,0.0
9,35,0.0
9,36,0.0
9,37,0.0
9,38,0.0
9,39,0.0
9,4,0.0
9,40,0.0
9,41,0.0
9,42,0.0
9,43,0.0
9,44,0.0
9,45,0.0
9,46,0.0
9,47,0.0
9,48,0.0
9,49,0.0
9,5,0.0
9,50,0.0
9,51,0.0
9,52,0.0
9,53,0.0
9,54,0.0
9,55,0.0
9,56,0.0
9,57,0.0
9,58,0.0
9,59,0.0
9,6,0.0
9,60,0.0
9,61,0.0
9,62,0.0
9,63,0.0
9,64,0.0
9,65,0.0
9,66,0.0
9,67,0.0
9,68,0.0
9,69,0.0
9,7,0.0
9,70,0.0
9,71,0.0
9,72,0.0
9,73,0.0
9,74,0.0
9,75,0.0
9,76,0.0
9,77,0.0
9,78,0.0
9,79,0.0
9,8,0.0
9,80,0.0
9,81,0.0
9,82,0.0
9,83,0.0
9,84,0.0
9,85,0.0
9,86,0.0
9,87,0.0
9,88,0.0
9,89,0.0
9,9,0.0
9,90,0.0
9,91,0.0
9,92,0.0
9,93,0.0
9,94,0.0
9,95,0.0
9,96,0.0
0,0,0.0
0,1,0.0
0,10,0.0
0,11,0.0
0,12,0.0
0,13,0.0
0,14,0.052620392168507016
0,15,0.047211162445381726
0,16,0.04467589964337781
0,17,0.04134004463366502
0,18,0.04143572171201036
0,19,0.03959503219231668
0,2,0.0
0,20,0.0
0,21,0.0
0,22,0.0
0,23,0.05224499739222825
0,24,0.052875444073472846
0,25,0.04779052783545636
0,26,0.04617975807282367
0,27,0.039346725197356144
0,28,0.035130712598902346
0,29,0.0321991430520068
0,3,0.0
0,30,0.03468616306520235
0,31,0.0
0,32,0.0
0,33,0.03492173950871746
0,34,0.03709007191500015
0,35,0.039823247361105395
0,36,0.04508128267970356
0,37,0.03547317940051187
0,38,0.04829755266641126
0,39,0.034896499599425555
0,4,0.0
0,40,0.03250284463735448
0,41,0.030566625768521375
0,42,0.030983324863082466
0,43,0.0
0,44,0.02720747191805077
0,45,0.04087281084860158
0,46,0.05211241586124756
0,47,0.03605171319543689
0,48,0.04908734356477196
0,49,0.03768076911617413
0,5,0.0
0,50,0.04079615087150921
0,51,0.033437886438966585
0,52,0.035256401297022545
0,53,0.0291276822980443
0,54,0.0
0,55,0.0
0,56,0.03249738378651205
0,57,0.03647584648910726
0,58,0.034548251383441544
0,59,0.03378613430080089
0,6,0.0
0,60,0.02813676267412434
0,61,0.023885166262509746
0,62,0.021196029571852612
0,63,0.016922656906451762
0,64,0.0
0,65,0.0
0,66,0.0
0,67,0.0
0,68,0.01340761085903472
0,69,0.031925000693798666
0,7,0.0
0,70,0.02195135642135189
0,71,0.012151945053084746
0,72,0.0
0,73,0.0
0,74,0.010410030040149326
0,75,0.0
0,76,0.0
0,77,0.0
0,78,0.0
0,79,0.0
0,8,0.038728101644447746
0,80,0.0
0,81,0.0
0,82,0.0
0,83,0.0
0,84,0.0
0,85,0.0
0,86,0.0
0,87,0.0
0,88,0.0
0,89,0.0
0,9,0.0322638571422777
0,90,0.0
0,91,0.0
0,92,0.0
0,93,0.0
0,94,0.0
0,95,0.0
0,96,0.0
7,0,0.0
7,1,0.0
7,10,0.0
7,11,0.0
7,12,0.0
7,13,0.0
7,14,0.0
7,15,0.0
7,16,0.0
7,17,0.0
7,18,0.00814504699692117
7,19,0.0
7,2,0.0
7,20,0.0
7,21,0.0
7,22,0.0
7,23,0.0
7,24,0.0
7,25,0.0
7,26,0.04425637312320574
7,27,0.0
7,28,0.0
7,29,0.0
7,3,0.0
7,30,0.0
7,31,0.0
7,32,0.0
7,33,0.0
7,34,0.0
7,35,0.0
7,36,0.0
7,37,0.0
7,38,0.0
7,39,0.02504403591221728
7,4,0.0
7,40,0.0
7,41,0.014196608979726313
7,42,0.0
7,43,0.0005780988410274433
7,44,0.0
7,45,0.0
7,46,0.0
7,47,0.0
7,48,0.0
7,49,0.0
7,5,0.0
7,50,0.0
7,51,0.0
7,52,0.01318981495678851
7,53,0.005629283691382512
7,54,0.0
7,55,0.0
7,56,0.0
7,57,0.0
7,58,0.0
7,59,0.0
7,6,0.009096465140935626
7,60,0.0
7,61,0.0
7,62,0.0
7,63,0.0017877863392027804
7,64,0.0
7,65,0.0
7,66,0.0028424628706333007
7,67,0.0
7,68,0.0
7,69,0.0
7,7,0.004169306482920166
7,70,0.0
7,71,0.0
7,72,0.0
7,73,0.0
7,74,0.0
7,75,0.0
7,76,0.0
7,77,0.0
7,78,0.0
7,79,0.0
7,8,0.0
7,80,0.0
7,81,0.0
7,82,0.04358685711798593
7,83,0.0
7,84,0.0
7,85,0.0
7,86,0.0
7,87,0.024480234352780628
7,88,0.07332317109097805
7,89,0.0
7,9,0.0
7,90,0.0
7,91,0.0
7,92,0.0
7,93,0.0
7,94,0.0
7,95,0.0
7,96,0.0
38,0,0.0
38,1,0.0
38,10,0.1127587400306172
38,11,0.0
38,12,0.0
38,13,0.08608231572251068
38,14,0.2059779873090488
38,15,0.21785349881277613
38,16,0.20833134922524546
38,17,0.19183345786521966
38,18,0.16207637432372182
38,19,0.15454331402020247
38,2,0.0
38,20,0.0
38,21,0.0
38,22,0.0
38,23,0.12172015267532632
38,24,0.1632205560901028
38,25,1.8991028366899068
38,26,0.31536102845899
38,27,0.18895682336586087
38,28,0.17716710806586156
38,29,0.14107314340185786
38,3,0.0
38,30,0.0
38,31,0.0
38,32,0.0
38,33,0.0
38,34,0.13407059391357803
38,35,0.17281842659191687
38,36,0.0
38,37,0.06953400396562354
38,38,0.16349343427885082
38,39,0.14073503091948625
38,4,0.0
38,40,0.10542608479299508
38,41,0.047016083933650345
38,42,0.0
38,43,0.0
38,44,0.0
38,45,0.0
38,46,0.0
38,47,0.0
38,48,0.0
38,49,0.0
38,5,0.0
38,50,0.10528251246187735
38,51,0.09517391435285849
38,52,0.0
38,53,0.0
38,54,0.0
38,55,0.0
38,56,0.0
38,57,0.0
38,58,0.0
38,59,0.0
38,6,0.0
38,60,0.0
38,61,0.10083842831496967
38,62,0.14945342214709692
38,63,0.02491207594197229
38,64,0.0
38,65,0.0
38,66,0.0
38,67,0.0
38,68,0.0
38,69,0.0
38,7,0.0
38,70,0.0
38,71,0.0
38,72,0.0
38,73,0.0
38,74,0.1121385584027624
38,75,0.0
38,76,0.0
38,77,0.0
38,78,0.0
38,79,0.0
38,8,0.3396198092083835
38,80,0.0
38,81,0.0
38,82,0.0
38,83,0.0
38,84,0.0
38,85,0.0
38,86,0.0
38,87,0.0
38,88,0.0
38,89,0.0
38,9,0.0
38,90,0.0
38,91,0.0
38,92,0.0
38,93,0.0
38,94,0.0
38,95,0.0
38,96,0.0
43,0,0.0
43,1,0.0
43,10,0.0
43,11,0.0
43,12,0.0
43,13,0.0
43,14,0.0
43,15,0.0
43,16,0.0
43,17,0.0
43,18,0.0
43,19,0.0
43,2,0.0
43,20,0.0
43,21,0.0
43,22,0.0
43,23,0.0
43,24,0.0
43,25,0.0
43,26,0.0
43,27,0.0
43,28,0.0
43,29,0.0
43,3,0.0
43,30,0.0
43,31,0.0
43,32,0.0
43,33,0.0
43,34,0.0
43,35,0.0
43,36,0.0
43,37,0.0
43,38,0.0
43,39,0.0
43,4,0.0
43,40,0.0
43,41,0.0
43,42,0.0
43,43,0.0
43,44,0.0
43,45,0.0
43,46,0.0
43,47,0.0
43,48,0.0
43,49,0.0
43,5,0.0
43,50,0.0
43,51,0.0
43,52,0.0
43,53,0.0022331047086049573
43,54,0.0
43,55,0.0
43,56,0.0
43,57,0.0
43,58,0.0
43,59,0.0
43,6,0.0
43,60,0.0
43,61,0.0017919625207454856
43,62,0.001108930302859163
43,63,0.0
43,64,0.017799408296812754
43,65,0.0
43,66,0.0
43,67,0.0
43,68,0.0
43,69,0.0
43,7,0.0
43,70,0.0
43,71,0.0
43,72,0.0
43,73,0.0
43,74,0.07691926477050419
43,75,0.0
43,76,0.0
43,77,0.0
43,78,0.043962189000484445
43,79,0.0
43,8,0.0
43,80,0.0
43,81,0.0
43,82,0.0
43,83,0.07804580006282681
43,84,0.05355736839596521
43,85,0.0
43,86,0.027966520160055585
43,87,0.02490341477402196
43,88,0.0
43,89,0.053052195098992706
43,9,0.0
43,90,0.03176131967194277
43,91,0.0
43,92,0.0
43,93,0.0
43,94,0.0
43,95,0.0
43,96,0.0
44,0,0.0
44,1,0.0
44,10,0.0
44,11,0.0
44,12,0.0
44,13,0.0
44,14,0.04379176502740221
44,15,0.03725193933596181
44,16,0.046281594543743795
44,17,0.03248524868061161
44,18,0.04254104466341736
44,19,0.0
44,2,0.0
44,20,0.0
44,21,0.0
44,22,0.0
44,23,0.05557469574541167
44,24,0.05094242207274015
44,25,0.05677853592895058
44,26,0.031651721816362985
44,27,0.044104168880407156
44,28,0.04413730763306182
44,29,0.05160862422872293
44,3,0.0
44,30,0.0
44,31,0.0
44,32,0.0
44,33,0.04190411709447028
44,34,0.06845589513808627
44,35,0.07756980451301122
44,36,0.0693960565294328
44,37,0.04908484806837097
44,38,0.03702318664332476
44,39,0.05172867629421082
44,4,0.0
44,40,0.028333565972148214
44,41,0.03930408964948415
44,42,0.0
44,43,0.0
44,44,0.047378750332666496
44,45,0.049066717733437244
44,46,0.0990489812069415
44,47,0.04518548788013863
44,48,0.03832311620806122
44,49,0.038399293628536835
44,5,0.0
44,50,0.04117304717046025
44,51,0.04576929854299974
44,52,0.0324704662554854
44,53,0.0
44,54,0.0
44,55,0.0
44,56,0.03445416505819035
44,57,0.02037539689453918
44,58,0.023730521754676125
44,59,0.03158669370818555
44,6,0.0
44,60,0.03130142936635711
44,61,0.026059195547421598
44,62,0.033862525595836517
44,63,0.03047775558150566
44,64,0.0
44,65,0.0
44,66,0.0
44,67,0.01671809391183861
44,68,0.01759512407943252
44,69,0.013805293454389708
44,7,0.0
44,70,0.013996869460176531
44,71,0.010934056967967568
44,72,0.02061631016084123
44,73,0.01678899689437135
44,74,0.0
44,75,0.0
44,76,0.0
44,77,0.0
44,78,0.0
44,79,0.007779760536192208
44,8,0.0
44,80,0.0
44,81,0.0
44,82,0.00607189742414064
44,83,0.0
44,84,0.0
44,85,0.0
44,86,0.0
44,87,0.0
44,88,0.0
44,89,0.0
44,9,0.0
44,90,0.0
44,91,0.0
44,92,0.0
44,93,0.0
44,94,0.0
44,95,0.0
44,96,0.0
21,0,0.014246189396188791
21,1,0.0
21,10,0.03968063888096062
21,11,0.05577627911342486
21,12,0.0
21,13,0.0
21,14,0.0
21,15,0.0
21,16,0.0
21,17,0.0
21,18,0.08405438991462591
21,19,0.03318389361888421
21,2,0.01083151699109123
21,20,0.0
21,21,0.0
21,22,0.0
21,23,0.0
21,24,0.0
21,25,0.0
21,26,0.0
21,27,0.12360597839738309
21,28,0.04723005828863907
21,29,0.05023541751947266
21,3,0.0
21,30,0.04135169230323903
21,31,0.0
21,32,0.0
21,33,0.0
21,34,0.0
21,35,0.0
21,36,0.0
21,37,0.0
21,38,0.006388621653098656
21,39,0.0
21,4,0.0
21,40,0.0
21,41,0.0
21,42,0.0
21,43,0.0
21,44,0.0
21,45,0.0
21,46,0.0
21,47,0.0
21,48,0.0
21,49,0.004173922583872737
21,5,0.1138784940870625
21,50,0.0
21,51,0.0
21,52,0.01613585467588254
21,53,0.0
21,54,0.0
21,55,0.0
21,56,0.0
21,57,0.0
21,58,0.0
21,59,0.0
21,6,0.0
21,60,0.0
21,61,0.0
21,62,0.0
21,63,0.0
21,64,0.0
21,65,0.0
21,66,0.0
21,67,0.0
21,68,0.0
21,69,0.0
21,7,0.0
21,70,0.0
21,71,0.0
21,72,0.0
21,73,0.0
21,74,0.0
21,75,0.0
21,76,0.08492461333065289
21,77,0.0
21,78,0.0
21,79,0.08274643454479232
21,8,0.0
21,80,0.13544996347253105
21,81,0.17175701290017845
21,82,0.0
21,83,0.0
21,84,0.0
21,85,0.0
21,86,0.0
21,87,0.013236246098498277
21,88,0.0
21,89,0.0
21,9,0.0700199766993523
21,90,0.0
21,91,0.0
21,92,0.0
21,93,0.0
21,94,0.0
21,95,0.0
21,96,0.0
19,0,0.0
19,1,0.0
19,10,0.0
19,11,0.0
19,12,0.0
19,13,0.0
19,14,0.0
19,15,0.0
19,16,0.0
19,17,0.0
19,18,0.0
19,19,0.0
19,2,0.0
19,20,0.0
19,21,0.0
19,22,0.0
19,23,0.0
19,24,0.0
19,25,0.0
19,26,0.0
19,27,0.0
19,28,0.0
19,29,0.0
19,3,0.0
19,30,0.0
19,31,0.0
19,32,0.0
19,33,0.0
19,34,0.0
19,35,0.0
19,36,0.0
19,37,0.0
19,38,0.0
19,39,0.0
19,4,0.0
19,40,0.0
19,41,0.0
19,42,0.0
19,43,0.0
19,44,0.0
19,45,0.0
19,46,0.0
19,47,0.0
19,48,0.0
19,49,0.0
19,5,0.0
19,50,0.0
19,51,0.0
19,52,0.0
19,53,0.0
19,54,0.0
19,55,0.0
19,56,0.0
19,57,0.0
19,58,0.0
19,59,0.0
19,6,0.0
19,60,0.0
19,61,0.0
19,62,0.0
19,63,0.0
19,64,0.0
19,65,0.0
19,66,0.0
19,67,0.0
19,68,0.0
19,69,0.0
19,7,0.0
19,70,0.0
19,71,0.0
19,72,0.0
19,73,0.0
19,74,0.0
19,75,0.0
19,76,0.0
19,77,0.0
19,78,0.0
19,79,0.0
19,8,0.0
19,80,0.0
19,81,0.0
19,82,0.0
19,83,0.0
19,84,0.0
19,85,0.0
19,86,0.0
19,87,0.0
19,88,0.0
19,89,0.0
19,9,0.0
19,90,0.0
19,91,0.0
19,92,0.0
19,93,0.0
19,94,0.0
19,95,0.0
19,96,0.0
26,0,0.0
26,1,0.0
26,10,0.0
26,11,0.0
26,12,0.0
26,13,0.0
26,14,0.0
26,15,0.1360524252753919
26,16,0.13392995941443903
26,17,0.12814298120618417
26,18,0.0
26,19,0.0
26,2,0.0
26,20,0.0
26,21,0.0
26,22,0.0
26,23,0.0
26,24,0.14972780020664572
26,25,0.1494078858762804
26,26,0.14667598073113444
26,27,0.1555751753137756
26,28,0.13611549781112667
26,29,0.12732052918668071
26,3,0.0
26,30,0.0
26,31,0.0
26,32,0.0
26,33,0.0
26,34,0.16047277848104963
26,35,0.16977066045273703
26,36,0.16217477297269364
26,37,0.17237205868628352
26,38,0.17045058856588227
26,39,0.1485836476054365
26,4,0.0
26,40,0.13854345113518043
26,41,0.12022493398148311
26,42,0.0
26,43,0.0
26,44,0.14157643949614557
26,45,0.1741302845276411
26,46,0.17603060196455678
26,47,0.17390340642116706
26,48,0.1577143851065349
26,49,0.16615787937161078
26,5,0.0
26,50,0.1680410544460938
26,51,0.15159875888694935
26,52,0.13388718765027638
26,53,0.0
26,54,0.0
26,55,0.1783400596409922
26,56,0.17500245003430034
26,57,0.18477120968919097
26,58,0.18847157094823808
26,59,0.1781993918818466
26,6,0.0
26,60,0.17777854532959242
26,61,0.16585753856276622
26,62,0.15759598580510434
26,63,0.14245569398970265
26,64,0.0
26,65,0.0
26,66,0.0
26,67,0.0
26,68,0.1724227539904167
26,69,0.16389471918337345
26,7,0.0
26,70,0.168060286586004
26,71,0.16781047484970468
26,72,0.16781047484970474
26,73,0.17382116657592783
26,74,0.1519203546689194
26,75,0.0
26,76,0.0
26,77,0.0
26,78,0.0
26,79,0.4431717676792296
26,8,0.0
26,80,0.3109195708368278
26,81,0.18354657074697686
26,82,0.17176700149780819
26,83,0.21155885023204976
26,84,0.0
26,85,0.0
26,86,0.0
26,87,0.0
26,88,0.0
26,89,0.0
26,9,0.0
26,90,0.0
26,91,0.0
26,92,0.0
26,93,0.0
26,94,0.0
26,95,0.0
26,96,0.0
10,0,0.0
10,1,0.0
10,10,0.0
10,11,0.0
10,12,0.0
10,13,0.0
10,14,0.0
10,15,0.0
10,16,0.0
10,17,0.0
10,18,0.0
10,19,0.0
10,2,0.0
10,20,0.0
10,21,0.0
10,22,0.0
10,23,0.0
10,24,0.0
10,25,0.0
10,26,0.0
10,27,0.0
10,28,0.0
10,29,0.0
10,3,0.0
10,30,0.0
10,31,0.0
10,32,0.0
10,33,0.0
10,34,0.0
10,35,0.0
10,36,0.0
10,37,0.0
10,38,0.0
10,39,0.0
10,4,0.0
10,40,0.0
10,41,0.0
10,42,0.0
10,43,0.0
10,44,0.0
10,45,0.0
10,46,0.0
10,47,0.0
10,48,0.0
10,49,0.0
10,5,0.0
10,50,0.0
10,51,0.0
10,52,0.0
10,53,0.0
10,54,0.0
10,55,0.0
10,56,0.0
10,57,0.0
10,58,0.0
10,59,0.0
10,6,0.0
10,60,0.0
10,61,0.0
10,62,0.0
10,63,0.0
10,64,0.0
10,65,0.0
10,66,0.0
10,67,0.0
10,68,0.0
10,69,0.0
10,7,0.0
10,70,0.0
10,71,0.0
10,72,0.0
10,73,0.0
10,74,0.0
10,75,0.0
10,76,0.0
10,77,0.0
10,78,0.0
10,79,0.0
10,8,0.0
10,80,0.0
10,81,0.0
10,82,0.0
10,83,0.0
10,84,0.0
10,85,0.0
10,86,0.0
10,87,0.0
10,88,0.0
10,89,0.0
10,9,0.0
10,90,0.0
10,91,0.0
10,92,0.0
10,93,0.0
10,94,0.0
10,95,0.0
10,96,0.0
28,0,0.0
28,1,0.0
28,10,0.0
28,11,0.0
28,12,0.0
28,13,0.0
28,14,0.0
28,15,0.0
28,16,0.0
28,17,0.0
28,18,0.0
28,19,0.0
28,2,0.0
28,20,0.0
28,21,0.0
28,22,0.0
28,23,0.0
28,24,0.0
28,25,0.0
28,26,0.0
28,27,0.0
28,28,0.0
28,29,0.0
28,3,0.0
28,30,0.0
28,31,0.0
28,32,0.0
28,33,0.0
28,34,0.0
28,35,0.0
28,36,0.0
28,37,0.0
28,38,0.0
28,39,0.0
28,4,0.0
28,40,0.0
28,41,0.0
28,42,0.0
28,43,0.0
28,44,0.0
28,45,0.0
28,46,0.0
28,47,0.0
28,48,0.0
28,49,0.0
28,5,0.0
28,50,0.0
28,51,0.0
28,52,0.0
28,53,0.0
28,54,0.0
28,55,0.0
28,56,0.0
28,57,0.0
28,58,0.0
28,59,0.0
28,6,0.0
28,60,0.0
28,61,0.0
28,62,0.0
28,63,0.0
28,64,0.0
28,65,0.0
28,66,0.0
28,67,0.0
28,68,0.0
28,69,0.0
28,7,0.0
28,70,0.0
28,71,0.0
28,72,0.0
28,73,0.0
28,74,0.0
28,75,0.0
28,76,0.0
28,77,0.0
28,78,0.0
28,79,0.0
28,8,0.0
28,80,0.0
28,81,0.0
28,82,0.0
28,83,0.0
28,84,0.0
28,85,0.0
28,86,0.0
28,87,0.0
28,88,0.0
28,89,0.0
28,9,0.0
28,90,0.0
28,91,0.0
28,92,0.0
28,93,0.0
28,94,0.0
28,95,0.0
28,96,0.0
17,0,0.0
17,1,0.0
17,10,0.0
17,11,0.0
17,12,0.0
17,13,0.0
17,14,0.0
17,15,0.0
17,16,0.0
17,17,0.0
17,18,0.0
17,19,0.0
17,2,0.0
17,20,0.0
17,21,0.0
17,22,0.0
17,23,0.0
17,24,0.0
17,25,0.0
17,26,0.0
17,27,0.0
17,28,0.0
17,29,0.0
17,3,0.0
17,30,0.0
17,31,0.0
17,32,0.0
17,33,0.0
17,34,0.0
17,35,0.0
17,36,0.0
17,37,0.0
17,38,0.0
17,39,0.0
17,4,0.0
17,40,0.0
17,41,0.0
17,42,0.0
17,43,0.0
17,44,0.0
17,45,0.0
17,46,0.0
17,47,0.0
17,48,0.0
17,49,0.0
17,5,0.0
17,50,0.0
17,51,0.0
17,52,0.0
17,53,0.0
17,54,0.0
17,55,0.0
17,56,0.0
17,57,0.0
17,58,0.0
17,59,0.0
17,6,0.0
17,60,0.0
17,61,0.0
17,62,0.0
17,63,0.0
17,64,0.0
17,65,0.0
17,66,0.0
17,67,0.0
17,68,0.0
17,69,0.0
17,7,0.0
17,70,0.0
17,71,0.0
17,72,0.0
17,73,0.0
17,74,0.0
17,75,0.0
17,76,0.0
17,77,0.0
17,78,0.0
17,79,0.0
17,8,0.0
17,80,0.0
17,81,0.0
17,82,0.0
17,83,0.0
17,84,0.0
17,85,0.0
17,86,0.0
17,87,0.0
17,88,0.0
17,89,0.0
17,9,0.0
17,90,0.0
17,91,0.0
17,92,0.0
17,93,0.0
17,94,0.0
17,95,0.0
17,96,0.0
45,0,0.0
45,1,0.0
45,10,0.0
45,11,0.0
45,12,0.0
45,13,0.0
45,14,0.3352759139962677
45,15,0.1748044375355071
45,16,0.15208567029260625
45,17,0.13972361272167516
45,18,0.0
45,19,0.0
45,2,0.0
45,20,0.0
45,21,0.0
45,22,0.1729406187879575
45,23,0.1713960761316885
45,24,0.18607096666924056
45,25,0.18569421330673053
45,26,0.2009314608434814
45,27,0.18984875969771184
45,28,0.13340055450799054
45,29,0.10346813358859412
45,3,0.0
45,30,0.0
45,31,0.0
45,32,0.0
45,33,0.11283235980498696
45,34,0.14306660404437022
45,35,0.18139205184081184
45,36,0.0
45,37,0.08387674982627026
45,38,0.10179643069720809
45,39,0.13462400961323123
45,4,0.0
45,40,0.10534671447300568
45,41,0.0
45,42,0.0
45,43,0.0
45,44,0.009716698616444142
45,45,0.0
45,46,0.5501239547153678
45,47,0.1456789591612971
45,48,0.038141912379363596
45,49,0.07017582904847237
45,5,0.0
45,50,0.14027107525564225
45,51,0.10232509662595414
45,52,0.0
45,53,0.0
45,54,0.0
45,55,0.0
45,56,0.42427965799665307
45,57,0.008611550594077656
45,58,0.019457048017534572
45,59,0.028271391220016536
45,6,0.0
45,60,0.039493356653220096
45,61,0.11694000418144039
45,62,0.2547514141160014
45,63,0.0
45,64,0.0
45,65,0.0
45,66,0.0
45,67,0.004902535750822737
45,68,0.02196663022842044
45,69,0.01215307643541135
45,7,0.0
45,70,0.013755298737577979
45,71,0.01318655802588033
45,72,0.0
45,73,0.0024936467225039277
45,74,0.0
45,75,0.0
45,76,0.0
45,77,0.0
45,78,0.0
45,79,0.0
45,8,0.0
45,80,0.0
45,81,0.0
45,82,0.0
45,83,0.0
45,84,0.0
45,85,0.0
45,86,0.0
45,87,0.0
45,88,0.0
45,89,0.0
45,9,0.0
45,90,0.0
45,91,0.0
45,92,0.0
45,93,0.0
45,94,0.0
45,95,0.0
45,96,0.0
42,0,0.0
42,1,0.0
42,10,0.0
42,11,0.0
42,12,0.0
42,13,0.0
42,14,0.0
42,15,0.0
42,16,0.0
42,17,0.0
42,18,0.0
42,19,0.0
42,2,0.0
42,20,0.0
42,21,0.0
42,22,0.0
42,23,0.001531866365580521
42,24,0.0
42,25,0.0
42,26,0.0
42,27,0.0
42,28,0.0
42,29,0.0
42,3,0.0
42,30,0.0
42,31,0.0
42,32,0.0
42,33,0.0
42,34,0.0
42,35,0.0
42,36,0.0
42,37,0.0003449565107290184
42,38,0.0
42,39,0.0
42,4,0.0
42,40,0.0
42,41,0.0
42,42,0.0
42,43,0.0
42,44,0.0
42,45,0.0
42,46,0.0
42,47,0.0
42,48,9.735344939869985e-05
42,49,0.0
42,5,0.0
42,50,0.0
42,51,0.0
42,52,0.0
42,53,0.0
42,54,0.0
42,55,0.0
42,56,0.0
42,57,0.0
42,58,0.0
42,59,0.0
42,6,0.0
42,60,0.0
42,61,0.0
42,62,0.0
42,63,0.0
42,64,0.0
42,65,0.0
42,66,0.0
42,67,0.0
42,68,0.0
42,69,0.0
42,7,0.0
42,70,0.0
42,71,0.0
42,72,0.0
42,73,0.0
42,74,0.0
42,75,0.0
42,76,0.0
42,77,0.0
42,78,0.0
42,79,0.0
42,8,0.0
42,80,0.0
42,81,0.0
42,82,0.0
42,83,0.0
42,84,0.0
42,85,0.0
42,86,0.0
42,87,0.0
42,88,0.0
42,89,0.0
42,9,0.0
42,90,0.0
42,91,0.0
42,92,0.0
42,93,0.0
42,94,0.0
42,95,0.0
42,96,0.0
29,0,0.0
29,1,0.0
29,10,0.0
29,11,0.0
29,12,0.0
29,13,0.0
29,14,0.0
29,15,0.0
29,16,0.0
29,17,0.0
29,18,0.04317538687151207
29,19,0.019091046893556653
29,2,0.0
29,20,0.10740069003409047
29,21,0.0
29,22,0.0
29,23,0.0
29,24,0.0
29,25,0.0
29,26,0.0
29,27,0.0
29,28,0.03455639949962331
29,29,0.06566195126307325
29,3,0.0
29,30,0.0021867069770478546
29,31,0.4493440058953932
29,32,0.009819749037375258
29,33,0.0
29,34,0.0
29,35,0.0
29,36,0.0
29,37,0.0
29,38,0.0
29,39,0.0
29,4,0.0
29,40,0.0757035755123158
29,41,0.0
29,42,0.006972689891185943
29,43,0.0017845097416386792
29,44,0.0
29,45,0.0
29,46,0.0
29,47,0.0
29,48,0.0
29,49,0.0
29,5,0.0
29,50,0.0
29,51,0.05825406896349697
29,52,0.0017832839017650546
29,53,0.0
29,54,0.0
29,55,32.622626121402746
29,56,0.0
29,57,0.0
29,58,0.0
29,59,0.0
29,6,0.0
29,60,0.0
29,61,4.5946998824085
29,62,0.0015237975987975663
29,63,0.03408852068092111
29,64,0.0014967268881501013
29,65,0.0
29,66,0.0002236665507488139
29,67,0.00583673461747248
29,68,0.003997311979007487
29,69,0.0
29,7,0.0
29,70,0.0
29,71,0.0
29,72,0.014667943071072716
29,73,0.0027957221537037312
29,74,0.0018058224876494632
29,75,0.06119115399697995
29,76,0.0
29,77,0.0
29,78,0.0
29,79,0.00019583329416667444
29,8,0.0
29,80,0.0
29,81,0.02180495023456207
29,82,0.04679957590224316
29,83,0.17996898877224898
29,84,0.062453697832147374
29,85,0.0
29,86,0.0
29,87,0.0
29,88,0.0
29,89,0.04234469086500403
29,9,0.0
29,90,0.0
29,91,0.3611770574554269
29,92,0.0
29,93,0.0
29,94,0.0
29,95,0.0
29,96,0.0
16,0,0.0
16,1,0.0
16,10,0.0
16,11,0.0
16,12,0.0
16,13,0.0
16,14,0.0
16,15,0.0
16,16,0.0
16,17,0.0
16,18,0.0
16,19,0.0
16,2,0.0
16,20,0.0
16,21,0.0
16,22,0.0
16,23,0.0
16,24,0.0
16,25,0.0
16,26,0.0
16,27,0.0
16,28,0.0
16,29,0.0
16,3,0.0
16,30,0.0
16,31,0.0
16,32,0.0
16,33,0.0
16,34,0.0
16,35,0.0
16,36,0.0
16,37,0.0
16,38,0.0
16,39,0.0
16,4,0.0
16,40,0.0
16,41,0.0
16,42,0.0
16,43,0.0
16,44,0.0
16,45,0.0
16,46,0.0
16,47,0.0
16,48,0.0
16,49,0.0
16,5,0.0
16,50,0.0
16,51,0.0
16,52,0.0
16,53,0.0
16,54,0.0
16,55,0.0
16,56,0.0
16,57,0.0
16,58,0.0
16,59,0.0
16,6,0.0
16,60,0.0
16,61,0.0
16,62,0.0
16,63,0.0
16,64,0.0
16,65,0.0
16,66,0.0
16,67,0.0
16,68,0.0
16,69,0.0
16,7,0.0
16,70,0.0
16,71,0.0
16,72,0.0
16,73,0.0
16,74,0.0
16,75,0.0
16,76,0.0
16,77,0.0
16,78,0.0
16,79,0.0
16,8,0.0
16,80,0.0
16,81,0.0
16,82,0.0
16,83,0.0
16,84,0.0
16,85,0.0
16,86,0.0
16,87,0.0
16,88,0.0
16,89,0.0
16,9,0.0
16,90,0.0
16,91,0.0
16,92,0.0
16,93,0.0
16,94,0.0
16,95,0.0
16,96,0.0
11,0,0.0
11,1,0.0
11,10,0.0
11,11,0.0
11,12,0.0
11,13,0.0
11,14,0.0
11,15,0.0
11,16,0.0
11,17,0.0
11,18,0.0
11,19,0.0
11,2,0.0
11,20,0.0
11,21,0.0
11,22,0.0
11,23,0.0
11,24,0.0
11,25,0.0
11,26,0.0
11,27,0.0
11,28,0.0
11,29,0.0
11,3,0.0
11,30,0.0
11,31,0.0
11,32,0.0
11,33,0.0
11,34,0.0
11,35,0.0
11,36,0.0
11,37,0.0
11,38,0.0
11,39,0.0
11,4,0.0
11,40,0.0
11,41,0.0
11,42,0.0
11,43,0.0
11,44,0.0
11,45,0.0
11,46,0.0
11,47,0.0
11,48,0.0
11,49,0.0
11,5,0.0
11,50,0.0
11,51,0.0
11,52,0.0
11,53,0.0
11,54,0.0
11,55,0.0
11,56,0.0
11,57,0.0
11,58,0.0
11,59,0.0
11,6,0.0
11,60,0.0
11,61,0.0
11,62,0.0
11,63,0.0
11,64,0.0
11,65,0.0
11,66,0.0
11,67,0.0
11,68,0.0
11,69,0.0
11,7,0.0
11,70,0.0
11,71,0.0
11,72,0.0
11,73,0.0
11,74,0.0
11,75,0.0
11,76,0.0
11,77,0.0
11,78,0.0
11,79,0.0
11,8,0.0
11,80,0.0
11,81,0.0
11,82,0.0
11,83,0.0
11,84,0.0
11,85,0.0
11,86,0.0
11,87,0.0
11,88,0.0
11,89,0.0
11,9,0.0
11,90,0.0
11,91,0.0
11,92,0.0
11,93,0.0
11,94,0.0
11,95,0.0
11,96,0.0
18,0,0.0
18,1,0.0
18,10,0.0
18,11,0.0
18,12,0.0
18,13,0.0
18,14,0.0
18,15,0.0
18,16,0.0
18,17,0.0
18,18,0.0
18,19,0.0
18,2,0.0
18,20,0.0
18,21,0.0
18,22,0.0
18,23,0.0
18,24,0.0
18,25,0.0
18,26,0.0
18,27,0.0
18,28,0.0
18,29,0.0
18,3,0.0
18,30,0.0
18,31,0.0
18,32,0.0
18,33,0.0
18,34,0.0
18,35,0.0
18,36,0.0
18,37,0.0
18,38,0.0
18,39,0.0
18,4,0.0
18,40,0.0
18,41,0.0
18,42,0.0
18,43,0.0
18,44,0.0
18,45,0.0
18,46,0.0
18,47,0.0
18,48,0.0
18,49,0.0
18,5,0.0
18,50,0.0
18,51,0.0
18,52,0.0
18,53,0.0
18,54,0.0
18,55,0.0
18,56,0.0
18,57,0.0
18,58,0.0
18,59,0.0
18,6,0.0
18,60,0.0
18,61,0.0
18,62,0.0
18,63,0.0
18,64,0.0
18,65,0.0
18,66,0.0
18,67,0.0
18,68,0.0
18,69,0.0
18,7,0.0
18,70,0.0
18,71,0.0
18,72,0.0
18,73,0.0
18,74,0.0
18,75,0.0
18,76,0.0
18,77,0.0
18,78,0.0
18,79,0.0
18,8,0.0
18,80,0.0
18,81,0.0
18,82,0.0
18,83,0.0
18,84,0.0
18,85,0.0
18,86,0.0
18,87,0.0
18,88,0.0
18,89,0.0
18,9,0.0
18,90,0.0
18,91,0.0
18,92,0.0
18,93,0.0
18,94,0.0
18,95,0.0
18,96,0.0
27,0,0.0
27,1,0.0
27,10,0.0
27,11,0.0
27,12,0.0
27,13,0.0
27,14,0.0
27,15,0.0
27,16,0.0
27,17,0.0
27,18,0.0
27,19,0.0
27,2,0.0
27,20,0.0
27,21,0.0
27,22,0.0
27,23,0.09395818028776165
27,24,0.12139811784358094
27,25,0.1195785641416001
27,26,0.12122771812892978
27,27,0.12393998117882853
27,28,0.09473762280026005
27,29,0.0
27,3,0.0
27,30,0.0
27,31,0.0
27,32,0.0
27,33,0.0
27,34,0.10923071305497391
27,35,0.13352796624031502
27,36,0.1357443336921508
27,37,0.12275834063131665
27,38,0.12699019717314378
27,39,0.1296825232884338
27,4,0.0
27,40,0.10854829449307359
27,41,0.0
27,42,0.0
27,43,0.0
27,44,0.08574027726690858
27,45,0.11419733952826709
27,46,0.112129981074061
27,47,0.12756395578378157
27,48,0.12451815919468766
27,49,0.1333582014627108
27,5,0.0
27,50,0.11986661585463736
27,51,0.13715835323762288
27,52,0.11785071277794665
27,53,0.0
27,54,0.0
27,55,0.09401545936490673
27,56,0.1107887422494372
27,57,0.11945697249443472
27,58,0.11539113308158283
27,59,0.11473281636365315
27,6,0.0
27,60,0.11901144098636204
27,61,0.11582821229918062
27,62,0.12822696436473738
27,63,0.11726689335138925
27,64,0.08873342792316749
27,65,0.0
27,66,0.05593166045998356
27,67,0.09734438266243699
27,68,0.10901170147176693
27,69,0.09247549977227904
27,7,0.0
27,70,0.1095731905083319
27,71,0.1037240566686011
27,72,0.09965788870491722
27,73,0.09334626490256448
27,74,0.09177316505456172
27,75,0.07448593795938534
27,76,0.0
27,77,0.05994809009238769
27,78,0.06578712105267286
27,79,0.06658540393726149
27,8,0.0
27,80,0.07097641904802267
27,81,0.07496710684317417
27,82,0.06962012128919155
27,83,0.0761789094336152
27,84,0.06363270475584015
27,85,0.0
27,86,0.0
27,87,0.03286779081397834
27,88,0.0
27,89,0.044539076549692615
27,9,0.0
27,90,0.03406480776146204
27,91,0.0
27,92,0.0
27,93,0.0
27,94,0.0
27,95,0.0
27,96,0.0
20,0,0.0
20,1,0.0
20,10,0.09524147728239055
20,11,0.0
20,12,0.157048000150766
20,13,0.18282657723835224
20,14,0.17447074300110607
20,15,0.16393630746582333
20,16,0.10531836689127566
20,17,0.11335902048737576
20,18,0.10810051185592363
20,19,0.09386498460614248
20,2,0.0
20,20,0.0
20,21,0.18622422274332484
20,22,0.18659125891922876
20,23,0.1493773100134012
20,24,0.15561624589145312
20,25,0.16178163177576135
20,26,0.15007224906848005
20,27,0.1417132135526014
20,28,0.1304256609134044
20,29,0.1098067636260389
20,3,0.0
20,30,0.06722276539283685
20,31,0.0
20,32,0.1946311551929052
20,33,0.16456553699086504
20,34,0.14795474233523098
20,35,0.16185302288844516
20,36,0.15488574355279788
20,37,0.14246958198101708
20,38,0.13161260506563752
20,39,0.14927112508952264
20,4,0.0
20,40,0.1314711756021051
20,41,0.10371672591484632
20,42,0.0
20,43,0.0
20,44,0.0
20,45,0.0
20,46,0.0
20,47,0.0
20,48,0.0
20,49,0.14841103198565153
20,5,0.0
20,50,0.13578193421365284
20,51,0.1427327614507357
20,52,0.0
20,53,0.07128659108896222
20,54,0.19242450561265168
20,55,0.0
20,56,0.09926019251514333
20,57,0.0
20,58,0.0
20,59,0.16767651846058576
20,6,0.0
20,60,0.0825299630926005
20,61,0.1728693634863601
20,62,0.19452833478882206
20,63,0.10778705251146525
20,64,0.0
20,65,0.028267834908979078
20,66,0.04560727652369349
20,67,0.1400768461578021
20,68,0.03959343649422064
20,69,0.07002655406930305
20,7,0.09469158308838081
20,70,0.0
20,71,0.0
20,72,0.0
20,73,0.06496332820123038
20,74,0.03936893398544034
20,75,0.0
20,76,0.0
20,77,0.0
20,78,0.05033971396399213
20,79,0.08332669695711137
20,8,0.0
20,80,0.04057003918833954
20,81,0.027758719544198646
20,82,0.04162785364883596
20,83,0.04394245007972885
20,84,0.0
20,85,0.0
20,86,0.0
20,87,0.0
20,88,0.0
20,89,0.0
20,9,0.10873717998356666
20,90,0.0
20,91,0.0
20,92,0.0
20,93,0.0
20,94,0.0
20,95,0.0
20,96,0.0
2,0,0.0
2,1,0.0
2,10,0.0
2,11,0.0
2,12,0.0
2,13,0.0
2,14,0.0007083929439670743
2,15,0.0
2,16,0.0
2,17,0.0
2,18,0.0
2,19,0.004221661089751849
2,2,0.0
2,20,0.0
2,21,0.0
2,22,0.0
2,23,0.0
2,24,0.02163302414642614
2,25,0.022087585417031434
2,26,0.0
2,27,0.0
2,28,0.0
2,29,0.015052857194113657
2,3,0.0
2,30,0.04879357536387283
2,31,0.0
2,32,0.0
2,33,0.0
2,34,0.0
2,35,0.0
2,36,0.009095437023892443
2,37,0.0
2,38,0.0
2,39,0.0
2,4,0.0
2,40,0.013818226208784864
2,41,0.001449337476782131
2,42,0.0
2,43,0.0
2,44,0.0
2,45,0.0
2,46,0.0
2,47,0.0
2,48,0.0
2,49,0.0
2,5,0.0
2,50,0.0
2,51,0.03472144288428049
2,52,0.0
2,53,0.022741281873754272
2,54,0.0
2,55,0.0
2,56,0.0
2,57,0.0
2,58,0.0
2,59,0.0
2,6,0.0
2,60,0.0
2,61,0.08902932912266998
2,62,0.03815980552454768
2,63,0.04762544303568382
2,64,0.0
2,65,0.0
2,66,0.0
2,67,0.0
2,68,0.0
2,69,0.0
2,7,0.0
2,70,0.0
2,71,0.019862236097917298
2,72,0.050526806925233
2,73,0.031228556159082085
2,74,0.029789062900872333
2,75,0.0
2,76,0.0
2,77,0.0
2,78,0.0
2,79,0.0
2,8,0.0
2,80,0.0
2,81,0.02536338483791347
2,82,0.0
2,83,0.0
2,84,0.0
2,85,0.0
2,86,0.03988064406898337
2,87,0.005403592802537896
2,88,0.016167823299272303
2,89,0.004248358426717561
2,9,0.0
2,90,0.0
2,91,0.0
2,92,0.0
2,93,0.0
2,94,0.0
2,95,0.0
2,96,0.0
5,0,0.0
5,1,0.0
5,10,0.0
5,11,0.0
5,12,0.0
5,13,0.0
5,14,0.0
5,15,0.0
5,16,0.0
5,17,0.0
5,18,0.0
5,19,0.0
5,2,0.0
5,20,0.0
5,21,0.0
5,22,0.0
5,23,0.0
5,24,0.0
5,25,0.0
5,26,0.0
5,27,0.0
5,28,0.0
5,29,0.0
5,3,0.0
5,30,0.0
5,31,0.0
5,32,0.0
5,33,0.0
5,34,0.0
5,35,0.0
5,36,0.0
5,37,0.0
5,38,0.0
5,39,0.0
5,4,0.0
5,40,0.0
5,41,0.0
5,42,0.004038740289209575
5,43,0.0
5,44,0.0
5,45,0.0
5,46,0.0
5,47,0.0
5,48,0.0
5,49,0.0
5,5,0.0
5,50,0.0
5,51,0.0
5,52,0.0
5,53,0.0
5,54,0.0
5,55,0.0
5,56,0.0
5,57,0.0
5,58,0.0
5,59,0.0
5,6,0.0
5,60,0.0
5,61,0.0
5,62,0.009058274656579938
5,63,0.03341236311849803
5,64,0.020853247874737513
5,65,0.0
5,66,0.0
5,67,0.0
5,68,0.0
5,69,0.0
5,7,0.0
5,70,0.0
5,71,0.0009009156842663759
5,72,0.0011253759641953987
5,73,0.006548094121313329
5,74,0.015735941549159825
5,75,0.0
5,76,0.0
5,77,0.0
5,78,0.0
5,79,0.00012428015822710584
5,8,0.0
5,80,0.0
5,81,0.0
5,82,0.0
5,83,0.0
5,84,0.0
5,85,0.0
5,86,0.0
5,87,0.0
5,88,0.0
5,89,0.0
5,9,0.0
5,90,0.0
5,91,0.0
5,92,0.0
5,93,0.0
5,94,0.0
5,95,0.0
5,96,0.0
33,0,0.0
33,1,0.0
33,10,0.059457493689117895
33,11,0.0
33,12,0.0
33,13,0.1527105245475623
33,14,0.13581328389729797
33,15,0.13855654561904981
33,16,0.10440638964121562
33,17,0.09978958226127836
33,18,0.13473501376125682
33,19,0.07030328485570324
33,2,0.0
33,20,0.06957846582265997
33,21,0.0
33,22,0.17634764873160688
33,23,0.16825295148726588
33,24,0.14437517415255383
33,25,0.09537470555444023
33,26,0.13044309329210832
33,27,0.12761939957077947
33,28,0.10371677201697778
33,29,0.08128934186406911
33,3,0.0
33,30,0.08170786717779215
33,31,0.09462163208662795
33,32,0.11931612090336616
33,33,0.19868789353507899
33,34,0.18034469539265666
33,35,0.1373830857673772
33,36,0.17083729309773404
33,37,0.1415082114991432
33,38,0.13717766555556016
33,39,0.09928328812634278
33,4,0.0
33,40,0.06693579317910879
33,41,0.1373766284282092
33,42,0.10316279442661523
33,43,0.16504649949342506
33,44,0.17781078849178084
33,45,0.16935935951193531
33,46,0.15995709493693516
33,47,0.11691212367031244
33,48,0.1545595736628719
33,49,0.1476867559686283
33,5,0.0
33,50,0.10491381854375718
33,51,0.12538489805177835
33,52,0.10176495319684423
33,53,0.13811981637562348
33,54,0.0909657554865183
33,55,0.14492394913910564
33,56,0.13959081743684731
33,57,0.11599292178050456
33,58,0.0944482317435784
33,59,0.13525021531351236
33,6,0.10017130151169654
33,60,0.13883835338109562
33,61,0.13133587724673462
33,62,0.12221161115058735
33,63,0.10703655155265264
33,64,0.1028267665711944
33,65,0.0
33,66,0.07830633685081667
33,67,0.04878558564360086
33,68,0.07861873177765205
33,69,0.176655393528911
33,7,0.06826349944833338
33,70,0.12252790113468708
33,71,0.1517711585798295
33,72,0.06549665316780644
33,73,0.05994556172266928
33,74,0.19523954665154128
33,75,0.0
33,76,0.021305085630465414
33,77,0.056233569504952986
33,78,0.044384191847245326
33,79,0.03437106873229259
33,8,0.065400207225228
33,80,0.03164623273186578
33,81,0.028461580809868586
33,82,0.05492071567027672
33,83,0.07080700155815862
33,84,1.1406395533385865
33,85,0.0
33,86,0.0
33,87,0.0009441925930599923
33,88,0.0
33,89,0.0
33,9,0.06433558322526868
33,90,0.0
33,91,0.0
33,92,0.0
33,93,0.0
33,94,0.0
33,95,0.0
33,96,0.0
34,0,0.0
34,1,0.0
34,10,0.0
34,11,0.0
34,12,0.0
34,13,0.0
34,14,0.0
34,15,0.0
34,16,0.0
34,17,0.0
34,18,0.0
34,19,0.0
34,2,0.0
34,20,0.0
34,21,0.0
34,22,0.0
34,23,0.0
34,24,0.0
34,25,0.0
34,26,0.0
34,27,0.0
34,28,0.0
34,29,0.0
34,3,0.0
34,30,0.0
34,31,0.0
34,32,0.0
34,33,0.0
34,34,0.0
34,35,0.0
34,36,0.0
34,37,0.0
34,38,0.0
34,39,0.0
34,4,0.0
34,40,0.0
34,41,0.0
34,42,0.0
34,43,0.0
34,44,0.0
34,45,0.0
34,46,0.0
34,47,0.0
34,48,0.0
34,49,0.0
34,5,0.0
34,50,0.0
34,51,0.0
34,52,0.0
34,53,0.0
34,54,0.0
34,55,0.0
34,56,0.0
34,57,0.0
34,58,0.0
34,59,0.0
34,6,0.0
34,60,0.0
34,61,0.0
34,62,0.0
34,63,0.0
34,64,0.0
34,65,0.0
34,66,0.0
34,67,0.0
34,68,0.0
34,69,0.0
34,7,0.0
34,70,0.0
34,71,0.0
34,72,0.0
34,73,0.0
34,74,0.0
34,75,0.0
34,76,0.0
34,77,0.0
34,78,0.0
34,79,0.0
34,8,0.0
34,80,0.0
34,81,0.0
34,82,0.0
34,83,0.0
34,84,0.0
34,85,0.0
34,86,0.0
34,87,0.0
34,88,0.0
34,89,0.0
34,9,0.0
34,90,0.0
34,91,0.0
34,92,0.0
34,93,0.0
34,94,0.0
34,95,0.0
34,96,0.0
51,0,0.0
51,1,0.0
51,10,0.1071029121281807
51,11,0.10442870969005182
51,12,0.07869244631207845
51,13,0.1262313188918693
51,14,0.09918625471214412
51,15,0.01169884140524143
51,16,1.2132283486402302
51,17,2.2498182066538366
51,18,0.044614799328050125
51,19,0.05840831988134097
51,2,0.0
51,20,0.024629513620059454
51,21,0.0
51,22,0.25104854009177036
51,23,0.18979957436089728
51,24,0.0
51,25,0.0
51,26,0.02855624364317617
51,27,0.18396063032270368
51,28,0.029713074633619205
51,29,0.07607816205159326
51,3,0.04461627375398298
51,30,0.04811158919520926
51,31,0.0
51,32,0.06450795406112125
51,33,0.06667309268283761
51,34,1.4101887547721035
51,35,0.011406339309345336
51,36,0.09209285485745074
51,37,0.08301082639056472
51,38,0.2156456129287554
51,39,0.277008518526389
51,4,0.06985358688189555
51,40,0.07651855443770447
51,41,0.05425015474856639
51,42,0.0
51,43,0.0
51,44,0.044585044443646124
51,45,0.0
51,46,0.5356713295197868
51,47,0.0
51,48,0.0
51,49,1.7199834930727045
51,5,0.0
51,50,0.13568148492298127
51,51,0.12439144815901988
51,52,0.09484790900670997
51,53,0.03375580003006195
51,54,0.0
51,55,0.0
51,56,0.059784505043442175
51,57,0.07505528894249025
51,58,0.08543356496813752
51,59,0.11066767014840063
51,6,0.11407749724400987
51,60,0.0599236777797695
51,61,0.07909534808619763
51,62,0.060838656534712654
51,63,0.04673309932512729
51,64,0.0
51,65,0.0
51,66,0.0
51,67,0.0
51,68,0.0
51,69,0.31234197448228523
51,7,0.27367758794023284
51,70,0.0
51,71,0.030672322409225027
51,72,0.02390229479444554
51,73,0.045983000610194405
51,74,0.0
51,75,0.0
51,76,0.0
51,77,0.0
51,78,0.0
51,79,0.0
51,8,0.0
51,80,0.0
51,81,0.0
51,82,0.0
51,83,0.0
51,84,0.0
51,85,0.0
51,86,0.0
51,87,0.0
51,88,0.0
51,89,0.0
51,9,0.40999956130046916
51,90,0.0
51,91,0.0
51,92,0.0
51,93,0.0
51,94,0.0
51,95,0.0
51,96,0.0
35,0,0.0
35,1,0.0
35,10,0.0
35,11,0.0
35,12,0.0
35,13,0.0005549196440681983
35,14,0.0
35,15,0.004715408905440421
35,16,0.002170414328839753
35,17,0.0
35,18,0.0
35,19,0.003711709861875771
35,2,0.0
35,20,0.009959001777383044
35,21,0.0
35,22,0.0
35,23,0.002856957971148438
35,24,0.014370450822084728
35,25,0.012832449348672528
35,26,0.009460593771868116
35,27,0.012159018562930455
35,28,0.049495282463213316
35,29,0.019274411210449125
35,3,0.0
35,30,0.0190153687235514
35,31,0.011320701134363358
35,32,0.0
35,33,0.0
35,34,0.0110996885625598
35,35,0.003039228626407596
35,36,0.005271817945750281
35,37,0.008392206963045285
35,38,0.00803552533300092
35,39,0.004448923592470208
35,4,0.0
35,40,0.011195897823037631
35,41,0.0073911162140785245
35,42,0.010849771796749792
35,43,0.0
35,44,0.0
35,45,0.0013183190975744176
35,46,0.043196960118838536
35,47,0.004827019781092581
35,48,0.0061415965168760064
35,49,0.007602765701523615
35,5,0.0
35,50,0.005223403669075437
35,51,0.027873367389677255
35,52,0.01300622673104748
35,53,0.01062698546246606
35,54,0.0
35,55,0.0
35,56,0.0
35,57,0.0
35,58,0.004414003375262265
35,59,0.004592619103425615
35,6,0.0
35,60,0.006016642376621868
35,61,0.013352311928013177
35,62,0.0034848654905394972
35,63,0.015934340682623047
35,64,0.01383084872015253
35,65,0.0
35,66,0.0
35,67,0.0
35,68,0.0
35,69,0.0011960902066628573
35,7,0.0
35,70,0.0
35,71,0.0
35,72,0.0
35,73,0.0
35,74,0.0
35,75,0.0
35,76,0.0
35,77,0.0
35,78,0.0
35,79,0.0
35,8,0.0
35,80,0.0
35,81,0.0
35,82,0.0
35,83,0.0
35,84,0.0
35,85,0.0
35,86,0.0
35,87,0.0
35,88,0.0
35,89,0.0
35,9,0.0
35,90,0.0
35,91,0.0
35,92,0.0
35,93,0.0
35,94,0.0
35,95,0.0
35,96,0.0
32,0,0.0
32,1,0.0
32,10,0.0
32,11,0.0
32,12,0.0
32,13,0.0
32,14,0.0
32,15,0.0
32,16,0.0
32,17,0.0
32,18,0.0
32,19,0.0
32,2,0.0
32,20,0.0
32,21,0.0
32,22,0.0
32,23,0.0
32,24,0.0
32,25,0.0
32,26,0.0
32,27,0.0
32,28,0.0
32,29,0.0
32,3,0.0
32,30,0.0
32,31,0.0
32,32,0.0
32,33,0.0
32,34,0.0
32,35,0.0
32,36,0.0
32,37,0.0
32,38,0.0
32,39,0.0
32,4,0.0
32,40,0.0
32,41,0.0
32,42,0.0
32,43,0.0
32,44,0.0
32,45,0.0
32,46,0.0
32,47,0.0
32,48,0.0
32,49,0.0
32,5,0.0
32,50,0.0
32,51,0.0
32,52,0.0
32,53,0.0
32,54,0.0
32,55,0.0
32,56,0.0
32,57,0.0
32,58,0.0
32,59,0.0
32,6,0.0
32,60,0.0
32,61,0.0
32,62,0.0
32,63,0.0
32,64,0.0
32,65,0.0
32,66,0.0
32,67,0.0
32,68,0.0
32,69,0.0
32,7,0.0
32,70,0.0
32,71,0.0
32,72,0.0
32,73,0.0
32,74,0.0
32,75,0.0
32,76,0.0
32,77,0.0
32,78,0.0
32,79,0.0
32,8,0.0
32,80,0.0
32,81,0.0
32,82,0.0
32,83,0.0
32,84,0.0
32,85,0.0
32,86,0.0
32,87,0.0
32,88,0.0
32,89,0.0
32,9,0.0
32,90,0.0
32,91,0.0
32,92,0.0
32,93,0.0
32,94,0.0
32,95,0.0
32,96,0.0
4,0,0.0
4,1,0.0
4,10,0.10320263503454792
4,11,0.1104013182548264
4,12,0.2633195392765731
4,13,0.1982587219676328
4,14,0.23277659766508763
4,15,0.18915175759002495
4,16,0.17131593644472434
4,17,0.11083888728524366
4,18,0.1786439115156289
4,19,0.10280162326700322
4,2,0.11950067496541947
4,20,0.08048503964204391
4,21,0.2662568846423028
4,22,0.22600349020418536
4,23,0.24540393487680723
4,24,0.16566122138231973
4,25,0.15617914417175685
4,26,0.12310840636080027
4,27,0.12528861126523594
4,28,0.10774362681055465
4,29,0.09927988751872394
4,3,0.0
4,30,0.1285244856587788
4,31,0.10310122596194911
4,32,0.2516510465663723
4,33,0.23601392839570043
4,34,0.22491272823862515
4,35,0.23844839720352484
4,36,0.1459033213327851
4,37,0.0805602667327414
4,38,0.1340338709336157
4,39,0.14375310018962673
4,4,0.0
4,40,0.17471057010180502
4,41,0.16030641426040057
4,42,0.11533675696765819
4,43,0.2185671549144668
4,44,0.24540419297604113
4,45,0.22946576436357333
4,46,0.16166567376998686
4,47,0.14893028746641096
4,48,0.12878375408396275
4,49,0.06716262104623241
4,5,0.0
4,50,0.05252167241159972
4,51,0.10859240507821517
4,52,0.1333036764392226
4,53,0.14770152686453392
4,54,0.0
4,55,0.0
4,56,0.17367713599058682
4,57,0.17340010228128885
4,58,0.16244391768781036
4,59,0.18352371296786416
4,6,0.15612103461632665
4,60,0.11978342130712628
4,61,0.129465256703711
4,62,0.15827571720380168
4,63,0.14346509816958
4,64,0.0
4,65,0.0
4,66,0.0
4,67,0.16680942773523666
4,68,0.18037792266992306
4,69,0.18801321732917814
4,7,0.14804420388436265
4,70,0.11338142109357673
4,71,0.2020239276562704
4,72,0.1312654031746537
4,73,0.08206655304356998
4,74,0.0
4,75,0.0
4,76,0.0
4,77,0.04494123051336206
4,78,0.0
4,79,0.11528245106301122
4,8,0.16481498987623913
4,80,0.16641233315083437
4,81,0.23049266490021475
4,82,0.08579040105909473
4,83,0.0
4,84,0.0
4,85,0.0
4,86,0.0
4,87,0.0
4,88,0.0
4,89,0.0
4,9,0.1296883376187609
4,90,0.0
4,91,0.0
4,92,0.0
4,93,0.0
4,94,0.0
4,95,0.0
4,96,0.0
3,0,0.0
3,1,0.0003235833995301565
3,10,0.0750455848323867
3,11,0.06438052939649459
3,12,0.12231851601778437
3,13,0.12156390927303387
3,14,0.13137697995665867
3,15,0.1393191334628536
3,16,0.13525021531351236
3,17,0.12309811218493691
3,18,0.06340748854215357
3,19,0.1231290540241037
3,2,0.18612423364510064
3,20,0.08751678134282244
3,21,0.10083188465523811
3,22,0.12657961184000366
3,23,0.13857613026156237
3,24,0.1481115356034741
3,25,0.15714043910426354
3,26,0.13804834157103937
3,27,0.134046126804189
3,28,0.1635844245193422
3,29,0.1260145294752484
3,3,0.0
3,30,0.12127776871082074
3,31,0.0
3,32,0.0
3,33,0.11694470269732954
3,34,0.14051938776104228
3,35,0.1477462003107102
3,36,0.13200308170623032
3,37,0.150056871554319
3,38,0.1457007001647146
3,39,0.13208028141402123
3,4,0.0
3,40,0.12552429930767067
3,41,0.13335812524385482
3,42,0.09105903676059812
3,43,0.0
3,44,0.0
3,45,0.13885143481634266
3,46,0.1302982890810871
3,47,0.1302405845941668
3,48,0.1441198682003216
3,49,0.07794459219584224
3,5,0.09210754160760816
3,50,0.11994011218855406
3,51,0.13869398806141958
3,52,0.12841769241368622
3,53,0.09363794380706728
3,54,0.0
3,55,0.0
3,56,0.0
3,57,0.0
3,58,0.1699278037450388
3,59,0.09564778659065855
3,6,0.10262913861164764
3,60,0.11413072941356774
3,61,0.0974382848523347
3,62,0.11478220118319128
3,63,0.11852619450063849
3,64,0.0
3,65,0.0
3,66,0.0
3,67,0.0
3,68,0.0
3,69,0.0
3,7,0.10098423563950065
3,70,0.0
3,71,0.0
3,72,0.0
3,73,0.0
3,74,0.0
3,75,0.0
3,76,0.0
3,77,0.0
3,78,0.0
3,79,0.0
3,8,0.07718456295509256
3,80,0.0
3,81,0.0
3,82,0.0
3,83,0.0
3,84,0.0
3,85,0.0
3,86,0.0
3,87,0.0
3,88,0.0
3,89,0.0
3,9,0.05903568331758275
3,90,0.0
3,91,0.0
3,92,0.0
3,93,0.0
3,94,0.0
3,95,0.0
3,96,0.0
50,0,0.0
50,1,0.0
50,10,0.0
50,11,0.0
50,12,0.0
50,13,0.0
50,14,0.0
50,15,0.0
50,16,0.0
50,17,0.0
50,18,0.0
50,19,0.0
50,2,0.0
50,20,0.0
50,21,0.0
50,22,0.0
50,23,0.0
50,24,0.01937425394418639
50,25,0.0
50,26,0.0
50,27,0.054638803166677685
50,28,0.0
50,29,0.0
50,3,0.0
50,30,0.0
50,31,0.0
50,32,0.0
50,33,0.0
50,34,0.0
50,35,0.06272064787920432
50,36,0.0
50,37,0.0
50,38,0.0
50,39,0.00978496491216421
50,4,0.0
50,40,0.0
50,41,0.0
50,42,0.0
50,43,0.0
50,44,0.0
50,45,0.0
50,46,0.0
50,47,0.0
50,48,0.0
50,49,0.0
50,5,0.0
50,50,0.0
50,51,0.0001846803360807479
50,52,0.0
50,53,0.0
50,54,0.0
50,55,0.0
50,56,0.0
50,57,0.0
50,58,0.0
50,59,0.0
50,6,0.0
50,60,0.0
50,61,0.0
50,62,0.0
50,63,0.0
50,64,0.0
50,65,0.0
50,66,0.0
50,67,0.0
50,68,0.0
50,69,0.0
50,7,0.0
50,70,0.0
50,71,0.0
50,72,0.0
50,73,0.006704485937539483
50,74,0.0
50,75,0.0
50,76,0.0
50,77,0.0
50,78,0.0
50,79,0.0
50,8,0.0
50,80,0.0
50,81,0.0
50,82,0.018844621452272857
50,83,0.0
50,84,0.0
50,85,0.0
50,86,0.0
50,87,0.0
50,88,0.0
50,89,0.0
50,9,0.0
50,90,0.0
50,91,0.0
50,92,0.0
50,93,0.0
50,94,0.0
50,95,0.0
50,96,0.0
